-- phpMyAdmin SQL Dump
-- version 5.2.1
-- https://www.phpmyadmin.net/
--
-- Host: 127.0.0.1
-- Generation Time: May 19, 2025 at 01:26 AM
-- Server version: 10.4.32-MariaDB
-- PHP Version: 8.2.12

SET SQL_MODE = "NO_AUTO_VALUE_ON_ZERO";
START TRANSACTION;
SET time_zone = "+00:00";


/*!40101 SET @OLD_CHARACTER_SET_CLIENT=@@CHARACTER_SET_CLIENT */;
/*!40101 SET @OLD_CHARACTER_SET_RESULTS=@@CHARACTER_SET_RESULTS */;
/*!40101 SET @OLD_COLLATION_CONNECTION=@@COLLATION_CONNECTION */;
/*!40101 SET NAMES utf8mb4 */;

--
-- Database: `new_suggesstions`
--

-- --------------------------------------------------------

--
-- Table structure for table `activities`
--

CREATE TABLE `activities` (
  `ActivityID` int(11) NOT NULL,
  `ActivityName` varchar(100) NOT NULL,
  `Icon` varchar(255) NOT NULL
) ENGINE=InnoDB DEFAULT CHARSET=utf8mb4 COLLATE=utf8mb4_general_ci;

--
-- Dumping data for table `activities`
--

INSERT INTO `activities` (`ActivityID`, `ActivityName`, `Icon`) VALUES
(1, 'ุทุนุงู', ''),
(2, 'ุชุฑููู', 'https://w7.pngwing.com/pngs/589/452/png-transparent-apple-music-festival-itunes-computer-icons-music-icon-text-logo-music-download-thumbnail.png'),
(3, 'ูุนุงููุงุช ุซูุงููุฉ', ''),
(4, 'ุณูุงุญู', '');

-- --------------------------------------------------------

--
-- Table structure for table `cities`
--

CREATE TABLE `cities` (
  `CityId` int(11) NOT NULL,
  `CityName` varchar(100) NOT NULL
) ENGINE=InnoDB DEFAULT CHARSET=utf8mb4 COLLATE=utf8mb4_general_ci;

--
-- Dumping data for table `cities`
--

INSERT INTO `cities` (`CityId`, `CityName`) VALUES
(1, 'ุงููุงูุฑุฉ'),
(2, 'ุงูููุตูุฑุฉ'),
(3, 'ุงูุฅุณููุฏุฑูุฉ'),
(4, 'ุทูุทุง');

-- --------------------------------------------------------

--
-- Table structure for table `feedback`
--

CREATE TABLE `feedback` (
  `id` int(11) NOT NULL,
  `place_id` int(11) NOT NULL,
  `user_id` int(11) NOT NULL,
  `name` varchar(255) DEFAULT NULL,
  `review_text` text NOT NULL,
  `rating` float(2,1) NOT NULL CHECK (`rating` between 1 and 5),
  `created_at` timestamp NOT NULL DEFAULT current_timestamp()
) ENGINE=InnoDB DEFAULT CHARSET=utf8mb4 COLLATE=utf8mb4_general_ci;

--
-- Dumping data for table `feedback`
--

INSERT INTO `feedback` (`id`, `place_id`, `user_id`, `name`, `review_text`, `rating`, `created_at`) VALUES
(22, 26, 16, 'Ahmed Omar', 'ูู ุฃููู ุงููุทุงุนู ูู ุฌูููุฑูุฉ ูุตุฑ ุงูุนุฑุจูุฉ ุจุชูุฏู ุงูุฃูู ุงููุตุฑู ุงูุฃุตูู ุฃูุตุญ ุงูุฌููุน ุจุชุฌุฑุจุฉ ุงูุฃูู ููุงู ๐๐', 5.0, '2024-12-20 21:01:15'),
(23, 26, 16, 'Ahmed Omar', 'ูุทุนู ุฌุงูุฏ ุงูู ุจุตุฑุงุญู ุชุณูู ุงููุงุณ ุงู ุดุบุงูู ููุงู ?โญโญ?', 5.0, '2024-12-20 21:01:52'),
(25, 25, 16, 'Ahmed Omar', 'ุงูููุงู ุญุฑููุง ุฑูุนูุ ุงูุฃูู ููุงู ูุฐูุฐ ุจุฏุฑุฌู ูุด ูุชุฎููุฉ ุงูุตุญ ุงูุฌููุน ุจุชุฌุฑุจุฉ ุงูุฃูู ููุงู โค๏ธ๐', 5.0, '2024-12-20 21:18:49'),
(26, 25, 16, 'Ahmed Omar', 'ุงุญุชุฑุงู ูู ุงูุชุนุงูู โค๏ธ๐', 5.0, '2024-12-20 21:53:44'),
(27, 26, 16, 'Ahmed Omar', 'ุงููุทุนู ุฌุงูุฏ ุฌุฏุง โญ๐ฒ', 5.0, '2024-12-20 21:56:20'),
(28, 25, 16, 'Ahmed Omar', '๐ฒ', 5.0, '2024-12-20 22:13:28'),
(30, 31, 16, 'Ahmed Omar', 'ูุทุนู ุนุงููู', 5.0, '2024-12-20 22:54:08'),
(31, 25, 16, 'Ahmed Omar', 'ุงููุทุนู ุฑูุนู โญ', 5.0, '2024-12-20 23:18:38'),
(32, 25, 16, 'Ahmed Omar', 'woweewwww ๐คช๐ฒ๐ฒ', 5.0, '2024-12-20 23:21:02'),
(33, 26, 16, 'Ahmed Omar', 'ุงููุทุนู ุฌุงูุฏ', 5.0, '2024-12-20 23:22:52'),
(34, 46, 16, 'Ahmed Omar', 'ูู ุงุฑูุน ุงูุงูุงูู โญ๐', 5.0, '2024-12-20 23:30:13'),
(35, 26, 16, 'Ahmed Omar', 'ุงูุฃูู ููุง ุฑูุนู ๐๐', 5.0, '2024-12-20 23:37:11'),
(36, 11, 16, 'Ahmed Omar', 'ุงูุฃุฌูุงุก ุฑูุนู ุงูุตุญ ุงู ุญุฏ ูุฌุฑุจ ุงูุฃุฌูุงุก ุฏูุช๐๐ฒ', 5.0, '2024-12-20 23:45:51'),
(37, 11, 16, 'Ahmed Omar', 'ุฌุงูุฏ ุงูู โญ', 5.0, '2024-12-20 23:47:28'),
(38, 25, 16, 'Ahmed Omar', 'ูุทุนู ุนุงููู ๐', 5.0, '2024-12-20 23:57:07'),
(39, 25, 16, 'Ahmed Omar', 'ุฌุงูุฏ ูุจุงุดุง ๐คชโค๏ธ', 5.0, '2024-12-21 00:12:16'),
(40, 47, 16, 'Ahmed Omar', 'ูุด ูุงุฏุฑ ุฃูุตู ุงูููุงู ูู ุญูุงูุชู ๐๐ฅณ๐ฅณ', 5.0, '2024-12-21 00:22:34'),
(41, 32, 9, 'Ibrahim Omar', 'ูุทุนู ุงุจู ุงุญูุฏ ูู ุงุฌูุฏ ุงููุทุงุนู ุงู ุจุชูุฏู ุงูุงูู ุงููุตุฑู ุงูุฃุตูู', 5.0, '2024-12-27 12:22:04'),
(42, 31, 9, 'Ibrahim Omar', 'ุงูุตุญ ุงูุฌููุน ุจุชุฌุฑุจุฉ ุงูุฃูู ููุงู ๐ฒ๐', 5.0, '2024-12-27 12:32:36'),
(43, 32, 9, 'Ibrahim Omar', 'ุฃูุตุญ ุงูุฌููุน ุจุชุฌุฑุจุฉ ุงูุฃูู ููุงู ๐๐', 5.0, '2024-12-27 12:35:44'),
(44, 48, 9, 'Ibrahim Omar', 'ูุงุงุงุงุงุงุงู๐ฒ๐ฅณ', 5.0, '2024-12-27 12:36:16'),
(45, 12, 9, 'Ibrahim Omar', 'ุงูููุงู ุฌุงูุฏ ุฌุฏุง โญ๐', 5.0, '2024-12-27 12:56:41'),
(46, 50, 9, 'Ibrahim Omar', 'ุงูููุงู ุฑุงูู ุฃูู ุฃุฑุดุญู ูุฌููุน ุฃุตุฏูุงุฆู๐โค๏ธ', 5.0, '2024-12-27 14:17:05'),
(47, 18, 9, 'Ibrahim Omar', 'ูุง ููุฌุฏ ูุตู ูุชูู ุงูุฑูุนู ูุงูุฌูุงู ุดูุฑุง ููุนุงูููู ูู ุงููุทุนู๐ฅณ๐', 5.0, '2024-12-27 14:18:27'),
(48, 6, 9, 'Ibrahim Omar', 'ุงูุฃูู ูููุณ ูููู ูููุตู ููุท ุงูุชูุธูู ุงูุฌูุฏ ๐', 5.0, '2024-12-27 14:20:09'),
(50, 44, 9, 'Ibrahim Omar', 'ุงูููุงู ุฑุงุฆุน ุฃูุตุญ ุงูุฌููุน ุจุฒูุงุฑุฉ ุงูููุงู ๐๐ฅฐ', 5.0, '2024-12-27 14:28:11'),
(51, 35, 9, 'Ibrahim Omar', 'ุฃูุตุญ ุงูุฌููุน ุจุฒูุงุฑุฉ ุงูููุงู ๐๐ฅฐ', 5.0, '2024-12-27 14:30:15'),
(52, 46, 9, 'Ibrahim Omar', 'ุงูููุงู ูุงุฏู ูุฌููู ุจุตุฑุงุญู ๐ฅฐโค๏ธ', 5.0, '2024-12-27 17:58:40'),
(53, 8, 16, 'Ahmed Omar', 'ูุด ูุงุฏุฑ ุฃูุตูู ุญุจู ููู ูุง ุฃููู ุงูููุช ูููููู ๐๐ฆ', 5.0, '2024-12-27 18:06:06'),
(55, 59, 16, 'Ahmed Omar', 'ุดููุชุฑ ุงูู ูุงูุฑ๐คซ๐ฅ', 5.0, '2024-12-27 19:19:36'),
(56, 74, 16, 'Ahmed Omar', 'ุงูููุงู ุฑูุนู ุจุตุฑุงุญู ๐๐', 5.0, '2024-12-28 21:06:50'),
(58, 42, 16, 'Ahmed Omar', 'ูุด ูุญุชุงุฌ ูุฏู ุฑุฃู ุงูุตุญู ุชุฑูุญ ูุชุฌุฑุจ ๐๐ฒ', 5.0, '2024-12-29 21:04:20'),
(59, 103, 9, 'Ibrahim Omar', 'it,s very good ๐ฏ๐', 5.0, '2024-12-29 21:58:28'),
(60, 104, 9, 'Ibrahim Omar', 'ูุชุจุต ูุชูุงูู ุงููุงุฏู ุงูุฃููู ูุญุชุงุฌ ุงูู ุงูุชุฑ ูู ูุฏุง๐๐ฆ๐ฆ', 5.0, '2024-12-29 22:02:06'),
(61, 117, 16, 'Ahmed Omar', 'ูู ุฃุฑูุน ุงูุฃูุงูู ุงู ุชุญุจ ุชุฎุฑุฌ ูููุง ุฃุทูุงูู ุจุตุฑุงุญู ๐๐ฏ', 5.0, '2024-12-30 20:30:21'),
(62, 79, 16, 'Ahmed Omar', 'ุงููุทุนู ุจุตุฑุงุญู ุฌููู ูู ูู ุญุงุฌู ุงูุช ูุชุฎูููุง ๐๐', 5.0, '2025-01-06 19:47:54'),
(63, 116, 16, 'Ahmed Omar', 'ูู ุฃุฑูุน ุงูุฃูุงูู ูู ุงูููุตูุฑุฉ ุจุตุฑุงุญู ๐', 5.0, '2025-01-22 00:23:13'),
(64, 125, 16, 'Ahmed Omar', 'ุงููุทุนู ุชุญูู ุจุตุฑุงุญู ๐๐', 5.0, '2025-01-24 18:45:55'),
(65, 125, 16, 'Ahmed Omar', 'ุฌุงูุฏ ุฌุฏุง โญ๐ฒ', 5.0, '2025-01-24 18:46:11'),
(66, 142, 16, 'Ahmed Omar', 'ุงูููุงู ุนู ุชุฌุฑุจู ุฑูุนู ุจุตุฑุงุญู ๐๐', 5.0, '2025-01-25 17:40:22'),
(68, 146, 16, 'Ahmed Omar', 'ุงูุฃูู ููุงู ุชุญูู ุจุตุฑุงุญู ๐๐', 5.0, '2025-01-25 18:49:43'),
(69, 142, 16, 'Ahmed Omar', 'ุฃูุตุญ ุงูุฌููุน ุจุชุฌุฑุจุฉ ุงูุฃูู ููุงู โค๏ธ๐', 5.0, '2025-01-25 20:09:10'),
(70, 71, 16, 'Ahmed Omar', 'ุงูููุงู ุฑูุนู ุจุตุฑุงุญู ๐๐', 5.0, '2025-01-26 08:14:31'),
(71, 20, 33, 'Karim Taha', 'ุงูุฃูู ููุงู ุฑูุนู ๐๐', 5.0, '2025-01-26 08:20:03'),
(72, 49, 33, 'Karim Taha', 'ุชุงู', 5.0, '2025-01-26 08:59:40'),
(73, 24, 16, 'Ahmed Omar', 'ุงููุทุนู ุฑุงุฆุน', 5.0, '2025-01-26 09:16:40'),
(74, 74, 16, 'Ahmed Omar', 'ุงูุฃูู ููุงู ูุฐูุฐ', 5.0, '2025-01-26 09:33:39'),
(75, 89, 16, 'Ahmed Omar', 'ูู ุฃุฑูุน ุงูุฃูุงูู ุจุตุฑุงุญู ๐๐', 5.0, '2025-03-09 21:37:12'),
(76, 35, 16, 'Ahmed Omar', 'ุงูููุงู ุฑุงุฆุน ุฌุฏุง', 5.0, '2025-04-17 09:58:01'),
(77, 56, 34, 'men3mAmr', 'ุงุญุณู ุดุงูุฑูุง ูู ูุตุฑ', 5.0, '2025-04-30 16:19:34'),
(78, 164, 16, 'Ahmed Omar', 'ุงูููุงู ุฑุงุฆุน ุฌุฏุง ๐โค๏ธ', 5.0, '2025-05-02 19:29:05'),
(79, 161, 16, 'Ahmed Omar', 'ุงููุทุนู ูุงูููุงู ุฑูุนู ุฌุฏุง โค๏ธ๐', 5.0, '2025-05-02 20:28:59'),
(80, 93, 16, 'Ahmed Omar', 'Amazing Place ๐๐ฅฐ', 5.0, '2025-05-03 13:01:15'),
(81, 166, 16, 'Ahmed Omar', 'ุงูููุงู ุฑุงุฆุน ุฌุฏุง ุงูุตุญ ุจุชุฌุฑุจุฉ ุงูุฃูู ููุงู๐ฅณ', 5.0, '2025-05-03 14:37:40'),
(82, 75, 16, 'Ahmed Omar', 'ุงูููุงู ุฑุงุฆุน ุฌุฏุง ๐โค๏ธ', 5.0, '2025-05-13 22:24:15'),
(83, 75, 16, 'Ahmed Omar', 'ุงูููุงู ุฑุงุฆุน ุฌุฏุง ุงูุตุญ ุงูุฌููุน ุจุงูุฐูุงุจ ุฅููู โค๏ธ๐๐', 5.0, '2025-05-13 22:24:37'),
(84, 75, 16, 'ahmed omar', 'woe๐', 5.0, '2025-05-17 13:59:52'),
(85, 49, 16, 'ahmed omar', 'ุงููุทุนู ุฑุงุฆุน ุฌุฏุง ุงูุตุญ ุงูุฌููุน ุจุงูุฐูุงุจ ุฅููู โค๏ธ๐ฅฐ', 5.0, '2025-05-17 14:03:27'),
(86, 49, 16, 'ahmed omar', 'ุงููุทุนู ุฑุงุฆุน ุฌุฏุง ๐๐', 5.0, '2025-05-17 14:04:54'),
(87, 80, 16, 'ahmed omar', 'ุงูููุงู ุฑุงุฆุน ุฌุฏุง ๐๐', 5.0, '2025-05-17 14:06:03'),
(88, 50, 16, 'ahmed omar', 'ุงูููุงู ุฑุงุฆุน ุฌุฏุง ๐โค๏ธ', 5.0, '2025-05-17 14:09:27'),
(89, 162, 16, 'ahmed omar', 'ุจุญุจูู ุงูู โค๏ธ', 5.0, '2025-05-18 22:55:21');

-- --------------------------------------------------------

--
-- Table structure for table `places`
--

CREATE TABLE `places` (
  `PlaceID` int(11) NOT NULL,
  `PlaceName` varchar(255) NOT NULL,
  `CityID` int(11) NOT NULL,
  `ActivityID` int(11) NOT NULL,
  `PriceRange` text NOT NULL,
  `Description` text NOT NULL,
  `Rating` float(2,1) NOT NULL DEFAULT 0.0,
  `PlaceAddress` varchar(255) NOT NULL,
  `ActivityName` varchar(255) DEFAULT NULL,
  `image_path` varchar(255) DEFAULT NULL,
  `budget` enum('ุฃูู ูู 100 ุฌููู','100 ุฅูู 500 ุฌููู','500 ุฅูู 1000 ุฌููู','1000 ุฅูู 1500 ุฌููู','ูุณุง ูุญุฏุฏุชุด') NOT NULL,
  `Icon` varchar(255) NOT NULL
) ENGINE=InnoDB DEFAULT CHARSET=utf8mb4 COLLATE=utf8mb4_general_ci;

--
-- Dumping data for table `places`
--

INSERT INTO `places` (`PlaceID`, `PlaceName`, `CityID`, `ActivityID`, `PriceRange`, `Description`, `Rating`, `PlaceAddress`, `ActivityName`, `image_path`, `budget`, `Icon`) VALUES
(1, 'ูุทุนู ุงููุญูุฏู(ุจูุช ุงููุจุงุจ)', 2, 1, '600', 'ุทุนุงู ูุตุฑู ุฑุงุฆุน ูุน ุฌูุฏุฉ ุทุนุงู ุฑุงุฆุนุฉ ููุทุนู ูุธูู.', 4.2, 'ุดุงุฑุน ุณูุฉ โโุณูุฏูุจุ ููุฏุงู ุงูุดูุฎ ุญุณูููุ\r\nุงูููุตูุฑุฉุ ูุตุฑ', 'ุทุนุงู', 'https://www.elmohamadyegypt.com/uploads/branches/IMG_690551629724481.png', '500 ุฅูู 1000 ุฌููู', 'https://w7.pngwing.com/pngs/116/858/png-transparent-computer-icons-meal-food-meal-icon-food-logo-eating.png'),
(2, 'ูุงูู ุชููู', 2, 1, '100', 'ูุงูู - ูุฑูุจ - ุจุงู ููู ูุฐูุฐ', 4.4, ' ุงูููุตูุฑุฉ-ุดุงุฑุน ูููุฉ ุงูุงุฏุงุจ-ุงูุงู ููุฏุงููู', 'ุทุนุงู', 'https://madentee.com/wp-content/uploads/2016/12/38085239_500049330425863_6543678289465049088_n.jpg', 'ุฃูู ูู 100 ุฌููู', ''),
(3, 'ููุงูุฉ ูุจุณุจูุณุฉ', 2, 1, '100', 'ููุงูุฉ ูุจุณุจูุณุฉ ุงูููุตูุฑุฉ ุฃุตู ูู ุญุงุฌุฉ ุญููุฉุ  ุฅู ููุช ูู ุนูุดุงู ุงูุงุฎุชุฑุงุนุงุชุ ุจุงูุทุจุน ุณูููู ูุฐุง ููุงูู ุงูููุถูุ ุญูุซ ููุฌุฏ ุฃูู ูุชุฏูุนู ุจูุณุชุงุดูู ูู ุชุงุฑูุฎ ูุตุฑ ู ุงูุณุนุฑ ูุง ูุซูู ููุ ูุงุชุงุดุง ุจููุงูู ูุญุดูู ุดููููุงุชู ู ูุชุบุทูู ุจุงูุดููููุงุชู ุณุฎููุ ูุบูุฑูุง ูู ุงูุญูููุงุช ุงูุฌุฏูุฏุฉ ูุงููุฑูุฏุฉ ูู ููุนูุง.', 4.7, 'ุดุงุฑุน ููุงุฉ ุงูุณููุณุ ูุจู ุดุฑูุฉ ุขููู', 'ุทุนุงู', 'https://static.wixstatic.com/media/11aab5_ccf3eb3ae3734f5b9329fe23b03a9679~mv2.jpg/v1/fill/w_320,h_164,fp_0.50_0.50,q_90/11aab5_ccf3eb3ae3734f5b9329fe23b03a9679~mv2.jpg', 'ุฃูู ูู 100 ุฌููู', ''),
(4, 'ูุดุฑู ุงูุชุญุฑูุฑ', 2, 1, '100', 'โูุดุฑู ุงูุชุญุฑูุฑ ุจููุฏููู ุทุจู ูุดุฑู ูููููุด ุบูุทุฉ ุจูู ุฃุญุฌุงูู\r\nโุชูุจ-ูุงุฑุฌ-ูููุฌ', 4.0, 'ุด ุงูุฌูุด, ุฃูุงู ุงุณุชุงุฏ ุงูููุตูุฑุฉ', 'ุทุนุงู', 'https://images.deliveryhero.io/image/hungerstation/restaurant/android_cover_photo/4d3ed14723d1783474fa43b2c5d3485b.jpg', 'ุฃูู ูู 100 ุฌููู', ''),
(5, 'ุดุงูุฑูุง ุงูุณูุทุงู', 2, 1, '100', 'ุณุงูุฏููุชุด ูุฐูุฐ ูุชุถูู ุดุฑุงุฆุญ ุงูุจุทุงุทุง ุงูููููุฉ ูุงููุชุจูุฉ ููุถูุนุฉ ุจูู ุฎุจุฒ ุทุงุฒุฌ. ุดุฑุงุฆุญ ุฏุฌุงุฌ ูุชุจูุฉ ููุดููุฉ ุจุดูู ูุซุงููุ ูููููุฉ ูู ุฎุจุฒ ุงูุจูุชุง ุงูุฏุงูุฆ ุฃู ููุฏูุฉ ุนูู ุตุญู ูุน ุฌุงูุจ ูู ุงูุฃุฑุฒ ุฃู ุงูุณูุทุฉ.', 4.2, 'ุงูููุตูุฑู ุดุงุฑุน ุงูุชุฑุนู ููุงุจู ุงูุจูู ุงูุงููู', 'ุทุนุงู', 'https://arab-turkey.com/wp-content/uploads/2023/03/%D8%B4%D8%A7%D9%88%D8%B1%D9%85%D8%A7.jpg', 'ุฃูู ูู 100 ุฌููู', ''),
(6, 'ุจุงุฒููุง', 2, 1, '100', 'ูุทุนู ุจุงุฒููุง ุฃุญุฏ ุฃุดูุฑ ุงููุทุงุนู ุงููุทููุฉ ุงูุชู ุชูุฏู ูุฌุจุงุช ุณุฑูุนุฉ ูู ูุฎุชูู ุฃูุญุงุก ูุตุฑ. ุญูุซ ุจุฏุฃ ุงููุฑุน ุงูุฃูู ุซู ุชูุงู ูุฌุงุญุงุช ูุชูุงุตูุฉ. ููุบุทู ุจูุฑูุนู ููุณ ููุท ุงููุงูุฑุฉ ุงููุจุฑูุ ุจู ุงูุชุฏ ุงุณู ุจุงุฒููุง ููุตู ุฅูู ุงููุญุงูุธุงุช.', 4.3, 'ุงูููุตูุฑู - ุดุงุฑุน ุงูุฌูููุฑูู - ุงูุงู ูุฑูุฒ ุทุจ ูุฌุฑุงุญู ุงูุนููู  ุฌุงูุนู ุงูููุตูุฑู', 'ุทุนุงู', 'https://images.deliveryhero.io/image/talabat/restaurants/12638115499239116759.jpg?width=750', 'ุฃูู ูู 100 ุฌููู', ''),
(7, 'ููุชุจุฉ ุงูุงุณููุฏุฑูุฉ', 3, 4, '150', 'ููุชุจุฉ ุงูุฅุณููุฏุฑูุฉ ูู ููุชุจุฉ ุชุงุฑูุฎูุฉ ูุฃุชู ุงูููุง ุงูุณูุงุญ ูู ุฌููุน ุฃูุญุงุก ุงูุนุงูู', 4.6, 'ุงูุฅุณููุฏุฑูุฉ ุงูุงุฒุงุฑูุทูุ ุงูุดุงุทุจู ูุณู ุจุงุจ ุดุฑูู', 'ุณูุงุญู', 'https://media.gemini.media/img/large/2017/9/19/2017_9_19_11_41_17_36.jpg', 'ุฃูู ูู 100 ุฌููู', ''),
(8, 'ููุนู ูุงูุชุจุงู', 3, 4, '150', 'ูุฒุงุฑ ุณูุงุญู, ุจููุช ุงูููุนุฉ ูู ุงูุญุฌุฑ ุงูุฌูุฑู ุนูู ูุณุงุญุฉ ุชุจูุบ ุญูุงูู 1750ู2 ููุชู ุญูููุง ุณูุฑ ุฎุงุฑุฌู ูุชุฎููู ุฃุจุฑุงุฌุงู ุฏูุงุนูุฉ. ุจูููุง ูุญูุท ุจููุงุก ุงูููุนุฉ ุงูุณูุฑ ุงูุฏุงุฎูู ุงูุฐู ูุถู ูุฌููุนุฉ ูู ุงูุญุฌุฑุงุช ูุงูุช ุจูุซุงุจุฉ ุซููุงุช ููุฌูุฏ ููุฎุงุฒู ููุฃุณูุญุฉ ูุงููุคู. ูุคุฏู ูุฏุฎู ุงูููุนุฉ ุฅูู ููุงุก ูุชุตุฏุฑ ุถูุนู ุงูุดูุงูู ุงูุบุฑุจู ุงูุฑุฆูุณู, ููู ุจูุซุงุจุฉ ููุนุฉ ูุจูุฑุฉ ูุฑุจุนุฉ ูู ุซูุงุซ ุทูุงุจู.', 4.5, ' ุงูุฅุณููุฏุฑูุฉ, ุชูุน ููุงูุฉ ุดุงุฑุน ูุงูุชุจุงู ุจุญู ุงูุฃูููุดู, ููุทูุฉ ุฑุงุณ ุงูุชูู', 'ุณูุงุญู', 'https://www.echoroukonline.com/wp-content/uploads/2021/03/%D9%82%D9%84%D8%B9%D8%A9%D8%B0.jpg', '100 ุฅูู 500 ุฌููู', ''),
(9, 'ุงููุณุฑุญ ุงูุฑููุงูู', 3, 4, '150', 'ุงููุณุฑุญ ุงูุฑููุงูู ูู ุงุฅูุณููุฏุฑูุฉ ูู ุฃุซุฑ ุชุงุฑูุฎู ูููุ ุจููุน ูู ููุทูุฉ ููู ุงูุฏูุฉ. ุงููุณุฑุญ ุงูุชุดู ูู ุณุชููุงุช ุงููุฑู ุงููุงุถูุูุจูุฑุฌุน ุชุงุฑูุฎู ูููุฑู ุงูุฑุงุจุน ุงูููุงูุฏู. ุจูุชููู ูู 13 ูุฏุฑุฌ ูุต ุฏุงุฆุฑูุ ููุงู ุจูุณุชุฎุฏู ูู ุงูุนุฑูุถ ุงูููุณูููุฉ ูุงูุบูุงุฆูุฉ ูุงููุณุฑุญูุฉ ูู ุงูุนุตุฑ ุงูุฑููุงูู. ุงูููุงู ุฏู ุจูููุฑ ูุธุฑุฉ ุฑุงุฆุนุฉ ุนูู ุงูููุฏุณุฉ ุงููุนูุงุฑูุฉ ุงูุฑููุงููุฉุ ูุจูุนุชุจุฑ ูุงุญุฏ ูู ุงูุฃูุงูู ุงูุณูุงุญูุฉ ุงููููุฒุฉ ูู ุงุฅูุณููุฏุฑูุฉ.', 4.4, 'ุฃูุงู ูุญุทุฉ ูุตุฑ ุงูุณูุฉ ุงูุญุฏูุฏูุฉุููู ุงูุฏูุฉ - ุบุฑุจ ุงูุนุทุงุฑูู', 'ุณูุงุญู', 'https://egyptiangeographic.com/uploads/files/egyptiangeographic.com_1514646783_1.jpg', '100 ุฅูู 500 ุฌููู', ''),
(10, 'ุงููุชุญู ุงููููุงูู ุงูุฑููุงูู', 3, 4, '150', 'ุงููุชุญู ุงููููุงูู ุงูุฑููุงูู ูุชุญู ููุฃุซุงุฑ ูู ูุฏููุฉ ุงูุฅุณููุฏุฑูุฉ ูู ูุตุฑ. ู ูุนุฑุถ ูุฌููุนุฉ ูุงุณุนุฉ ูู ุงูุฃุซุงุฑุงูุชู ูุนุซุฑุนูููุง ูู ุงูุฅุณููุฏุฑูุฉ ููุงุญูููุง ููู ูู ูุนุธููุง ุขุซุงุฑ ูู ุงูุนุตุฑ ุงูุจุทููู ูุงูุนุตุฑ ุงูุฑููุงูู ุงููุงุญู ูู ูุชุญุฏูุฏุง ููุฐ ูุดุง ุงูุฅุณููุฏุฑูุฉ ูู ุงููุฑู ุงูุซุงูุซ ูุจู ุงููููุงุฏ ุฅูู ุงููุฑู ุงูุซุงูุซ ุจุนุฏ ุงููููุงุฏ.', 4.5, 'ุงููุณูุฉ, ุดุฑู ุงูุนุทุงุฑูู', 'ุณูุงุญู', 'https://www.presidency.eg/media/216593/%D9%83%D8%A7%D8%B1%D8%AA-%D8%A7%D9%84%D9%85%D8%AA%D8%AD%D9%81-%D8%A7%D9%84%D9%8A%D9%88%D9%86%D8%A7%D9%86%D9%89-jpg-0000jpg.jpg', 'ุฃูู ูู 100 ุฌููู', ''),
(11, 'ุดุงุทุฆ ููุงูู', 3, 2, '100', 'ุดุงุทุฆ ููุงูู ูู ุงูุฅุณููุฏุฑูุฉ ูู ุงูุดูุงุทุฆ ุงูุดููุฑุฉ ุฌุฏุง. ูุชููุฒ ุจุฑูุงูู ุงูุฐูุจูุฉ ุงููุงุนูุฉ ูููุงูู ุงูุตุงููุฉ. ุงูุดุงุทุฆ ููุงุณุจ ููุนุงุฆูุงุช ูุจูููุฑ ุฃูุดุทุฉ ูุชุนุฏุฏุฉ ูุซู ุงูุณุจุงุญุฉุ ูุฑููุจ ุงุฃูููุงุฌุ ูุงูุชุฒูุฌ ุนูู ุงููุงุก. ูููู ุงูุนุฏูุฏ ูู ุงูููุงูู ูุงููุทุงุนู ุงููุฑูุจุฉ ููุฅุณุชูุชุงุน ุจูุฌุจุฉ ุดููุฉ ุจุนุฏ ูุถุงุก ููู ุนูู ุงูุดุงุทุฆ.', 4.5, 'ุณูุฏู ุจุดุฑ ุจุญุฑูุ ุงูููุชุฒุฉ1', 'ุชุฑููู', 'https://cf.bstatic.com/xdata/images/hotel/max1024x768/327917411.jpg?k=730b63fc0940a478041371113de3c08e982eea211005460c8f01f1d41b16bc3d&o=&hp=1', 'ุฃูู ูู 100 ุฌููู', ''),
(12, 'ุณุชูุฏูู ุงู ุงู ุณู ุงูุณูููุงุฆู', 3, 2, '100', 'ุงุณุชูุฏูู ุฅู ุฅู ุณู ุงูุณูููุงุฆู ูู ุงูุฅุณููุฏุฑูุฉ ูู ุฌุฒุก ูู ูุฌููุนุฉ ุงูุณูููุงุช ุงููุนุฑููุฉ\r\nุฃุญุฏุซ ุฃูุธูุฉ ุงูุนุฑุถ ุงูุตูุชู ูุงูุจุตุฑู. ุนุงุฏุฉ ูุง ููุฏู ูุฌููุนุฉ ูุชููุนุฉ ูู ุงูุฃููุงูุ ุจูุง ูู ุฐูู ุงูุฃููุงู ุงูุญุฏูุซุฉ ูู ููููููุฏุ ูุงูุฃููุงู  ุงููุตุฑูุฉุ ูุฃุญูุงูุง ุงูุนุฑูุถ ุงูุฎุงุตุฉุ ุงูููุงู ูุนุฑูู ุจุฌูุฏุชู ุงูุนุงููุฉ ูู ุงูุฎุฏูุฉ ูุงูุฑุงุญุฉุ ูุซู ุงูููุงุนุฏ ุงููุฑูุญุฉ ูุฎูุงุฑุงุช ุงููุฌุจุงุช ุงูุฎูููุฉ.', 4.3, 'ููุน ูู ููุทูุฉ ุณููุญุฉ ูู ุงูุฅุณููุฏุฑูุฉุ ูู ููุฌูุฏ ูู ูุฑูุฒ ุชุณูู ูุงุฑููุฑ ุณูุชู ุณูุชุฑ', 'ุชุฑููู', 'https://gulftech-news.com/wp-content/uploads/2023/01/WhatsApp-Image-2023-01-23-at-9.48.01-AM-1.jpeg', 'ุฃูู ูู 100 ุฌููู', ''),
(13, 'ุฏุฑูู ูุงูุฏ', 3, 2, '100', 'ุฏุฑูู ูุงูุฏ ูู ุงูุฅุณููุฏุฑูุฉ ูู ูุงุญุฏุฉ ูู ุฃุดูุฑ ูุฏู ุงูููุงูู ูู ูุตุฑ. ุชูุฏู ูุฌููุนุฉ ูุชููุนุฉ ูู ุงูุฃูุนุงุจ ูุงูุฃูุดุทุฉ ุงูุชุฑููููุฉ ุงูููุงุณุจุฉ ูุฌููุน ุงุฃูุนูุงุฑุ ููุงู ุฃูุนุงุจ ูุซูุฑุฉ ูุซู ุงูุฃูุนูููุงุช ูุงูุนุฌุงูุช ุงูุฏูุงุฑุฉุ ุจุงูุฅุถุงูุฉ ุฅูู ุฃูุนุงุจ ูุงุฆูุฉ ูููุงุทู ูุฎุตุตุฉ ุฃูุถุง ุฎูุงุฑุงุช ูุชููุนุฉ ูู ุงููุทุงุนู ูุงูููุงููุ ุชุนุชุจุฑ ูุฌูุฉ ูุซุงููุฉ ููุถุงุก ููู ููุชุน ูุน ุงูุนุงุฆูุฉ ุฃู ุงูุฃุทูุงู.', 4.4, '', 'ุชุฑููู', 'https://dynamic-media-cdn.tripadvisor.com/media/photo-o/0c/68/63/51/dream-land-park.jpg?w=1200&h=1200&s=1', 'ุฃูู ูู 100 ุฌููู', ''),
(14, 'ุญุฏุงุฆู ุงูููุชุฒู', 3, 2, '100', 'ุญุฏุงุฆู ุงูููุชุฒู ูู ุงูุฅุณููุฏุฑูุฉ ูู ุฃุฌูู ูุฃุดูุฑ ุงุฃููุงูู ุงูุณูุงุญูุฉ ูู ุงููุฏููุฉ. ุจุชุถู ูุฌููุนุฉ ูู ุงูุญุฏุงุฆู ุงูุฎุถุฑุงุก ุงููุงุณุนุฉุ ูุงููุตูุฑ ุงูุชุงุฑูุฎูุฉ ุฒู ูุตุฑ ุงูููุชุฒู. ุงูููุงู ุจูุทู ุนูู ุงูุจุญุฑ ุงูุฃุจูุถ ุงููุชูุณุทุ ูุจูุชููุฒ ุจุฃุดุฌุงุฑ ูุงุฏุฑุฉ ูุฃุฒูุงุฑ ูุชููุนุฉุ ุชูุฏุฑ ุชุณุชูุชุน ุจุงูุชุฌูู ูู ุงูุญุฏุงุฆูุ ูุฒูุงุฑุฉ ุงููุตุฑุ ูุงุงูุณุชุฑุฎุงุก ุนูู ุงูุดุงุทุฆ. ุงูููุงู ููุงุณุจ ููุนุงุฆุงูุช ูููุจุงุญุซูู ุนู ุงููุฏูุก\r\nูุงูุทุจูุนุฉ.', 4.4, 'ุฌูุงู ุนุจุฏ ุงููุงุตุฑุ ุงูููุฏุฑุฉ ุจุญุฑูุ ูุณู ุซุงู ุงูููุชุฒุฉุ ูุญุงูุธุฉ ุงูุฅุณููุฏุฑูุฉ', 'ุชุฑููู', 'https://capitwo.net/wp-content/uploads/2024/03/4941767811568221483.jpg', 'ุฃูู ูู 100 ุฌููู', ''),
(15, 'ูุทุนู ูุฑู ุงูุดุงู', 3, 1, '100', 'ูุทุนู ูุฑู ุงูุดุงู ูู ุงูุฅุณููุฏุฑูุฉ ุจููุฏู ุฃููุงุช ุณูุฑูุฉ ุดููุฉุ ูููู ุชุฌุฑุจ ุงูุดุงูุฑูุง ุงูุณูุฑูุฉ ุงููุฐูุฐุฉุ ุฃู ุงููุจุฉ ุงูููุฆุฉ. ุงูุฃุณุนุงุฑ ุนูุฏูู ูุนูููุฉุ ูุงูุฃุฌูุงุก ูููุง ุทุงุจุน ุณูุฑู ุฃุตูู. ุงููุทุนู ููุงุณุจ ููุนุงุฆุงูุช ูุงุฃูุตุฏูุงุก.', 4.1, 'ุงูุฃุฒุฑูุทุฉ ูุงูุดุงุทุจู, ูุณู ุจุงุจ ุดุฑูู', 'ุทุนุงู', 'https://ainarabia.com/wp-content/uploads/2022/05/2022-5-28-13-42-38-0cb01db0.jpg', 'ุฃูู ูู 100 ุฌููู', ''),
(16, 'Jambojo see food (ุฌุงูุจู ุณู ููุฏ)', 3, 1, '100', 'ุฌุงูุจู ุณู ููุฏ ูู ุงูุฅุณููุฏุฑูุฉ ูุดููุฑ ุจุฃููุงุชู ุงูุจุญุฑูุฉ ุงูุณุฑูุนุฉ ูุงููุฐูุฐุฉุ ูู ูุชุฎุตุตูู ูู ุงูุณุงูุฏูุชุดุงุช ุงูุจุญุฑูุฉุ ุฒู ุณุงูุฏูุชุด ุงูุฌูุจุฑู ุงููููู ูุณุงูุฏูุชุด ุงูุณุจูุทุ ุงูุฃุณุนุงุฑุนูุฏูู ูุนูููุฉุ ูุงูุฃุฌูุงุก ุบูุฑ ุฑุณููุฉ. ุงูููุงู ููุงุณุจ ุฃูุชุฑ ููุทูุจุงุช ุงูุฎุงุฑุฌูุฉ ุฃู ุงูุฃูู ุงูุณุฑูุน.', 4.5, 'ุณูุฏู 51 ูุงููุชุ ุงูุณูุงูุฉ ุบุฑุจ', 'ุทุนุงู', 'https://encrypted-tbn0.gstatic.com/images?q=tbn:ANd9GcRRrhfLiW7SiAuUW_yrX8ejkrcYzEmAFx5mfU8DnZeYJXmzY_xN5tly7LsmU4Q1jSwlETs&usqp=CAU', 'ุฃูู ูู 100 ุฌููู', ''),
(17, 'ูุทุนู ุฒููุฑ', 3, 1, '100', 'ูุทุนู ุฒููุฑ ูู ุงูุฅุณููุฏุฑูุฉ ูู ููุงูุฉ ุฎุงุตุฉ. ูู ูู ุฃูุฏู ุงููุทุงุนู ููุงูุ ุจูุทู ุนูู ุงูุจุญุฑ ูุจุงุดุฑุฉุ ูุจููุฏู ุฃูู ุจุญุฑู ุชูููุฏู ูุฐูุฐุ ุชุฎูู ููุณู ูุงุนุฏ ูู ุชุฑุงุณ ุงููุทุนูุ ุณุงูุน ุตูุช ุงูุฃููุงุฌุ ูุฃูุงูู ุทุจู ุณูู ูุดูู ุฃู ูููู ุฒู ูุง ุชุญุจ. ุงูุฃุฌูุงุกูู ุฒููุฑ ูุงุฏูุฉ ูุฌูููุฉุ ูุงูุฎุฏูุฉ ูููุณุฉ. ุจุณ ุฎูู ุจุงููุ ุงููุทุนู ูููู ูููู ุฒุญูุฉ ุดููุฉุ ูุฎุตูุตุง ูู ุฃููุงุช ุงูุฐุฑูุฉ.', 4.2, 'ุงูููุฑููุด- ุงูููุณุ ูุณู ุงูุฏุฎููุฉ', 'ุทุนุงู', 'https://encrypted-tbn0.gstatic.com/images?q=tbn:ANd9GcTKRHB46MSm6rieIWu2uBGUGrvQLrX19IEjVg&s', 'ุฃูู ูู 100 ุฌููู', ''),
(18, 'Omar Afandy seafood(ุนูุฑ ุฃููุฏู)', 3, 1, '100', 'ูุทุนู ุนูุฑ ุฃููุฏู ูู ุงูุฅุณููุฏุฑูุฉ ูู ุดุนุจูุฉ ูุจูุฑุฉ. ุจููุฏููุง ุฃูู ุจุญุฑู ุชูููุฏูุ ุฒู ุงูุณูู ุงููุดูู ูุงูููููุ ูุงูุฌูุจุฑู ูุงููุงุจูุฑูุงุ ุงูุฃุณุนุงุฑุนูุฏูู ูุนูููุฉุ ูุงูุฃุฌูุงุก ูููุง ุทุงุจุน ุดุนุจูุ   ูุงูุฃูู ุจูููู ูุฐูุฐ.', 4.5, 'ุดุฑูุฉ ููุงู ุงูุดุฑุจ - ุฎูู,ุงููุนููุฑุฉ ุงูุจูุฏ, ุซุงูุซ ุงูููุชุฒู', 'ุทุนุงู', 'https://www.urtrips.com/wp-content/uploads/2022/12/Omar-Afandy-Seafood-Restaurant-Alexandria3.png', 'ุฃูู ูู 100 ุฌููู', ''),
(19, 'ููู ุงูุณูุงู', 3, 1, '150', 'ูุทุนู ููู ุงูุณูุงู ูู ุงูุฅุณููุฏุฑูุฉ ูุดููุฑ ุฌุฏุง ุจุฃููุงุชู ุงูุชู ุชุนุชูุฏ ุนูู ุงูุณูุงูุ ูููู ุชุฌุฑุจ ุงูุณูุงู ุงููุดูู ูุน ุงูุงุฑุฒ.', 4.2, 'ุดุงุฑุน 45ุ  ูุณุฌุฏ ุงูุนุทุงุฑูู ุฎูู ููุฏุงู ูุญุทุฉ ูุตุฑ ุงูุงู ูุฑูุณุฉ ุงุญูุฏ ุญุณููู', 'ุทุนุงู', 'https://www.urtrips.com/wp-content/uploads/2022/12/Malek-El-Seman-Restaurant-Alexandria2.png', '100 ุฅูู 500 ุฌููู', ''),
(20, 'ูุทุนู ุงุจู ุฑุงููู ูููุดููุงุช ูุงูุงุณูุงู', 3, 1, '100', 'ูุทุนู ุฃุจู ุฑุงููุฉ ูููุดููุงุช ูู ูุฑุนูู ูู ุงูุฅุณููุฏุฑูุฉุ ูุงุญุฏ ูู ุงูุฏุฎููุฉ ูุงูุชุงูู ูู ุณูุฏู ุฌุงุจุฑ. ุจูุดุชูุฑ ุงููุทุนู ุจุงููุญูู ุฎุตูุตุง ุงููุจุงุจ ูุงูุถุฃู ุงููุดููุ ุงูุฃุณุนุงุฑุนูุฏูู ูุนูููุฉุ ูุงูุฃุฌูุงุก ูููุง ุทุงุจุน ุดุนุจู. ุงููุทุนู ูุด ุฑุงูู ุงูุฃูู ุจูููู ูุฐูุฐ.', 4.2, 'ุงูุงู ุฌุฑูู ุจูุงุฒุงุ ุนุฒุจุฉ ุงููุฒูุฉุ ูุณู ุณูุฏู ุฌุงุจุฑ', 'ุทุนุงู', 'https://blogger.googleusercontent.com/img/a/AVvXsEg0OzaBAai3uN5VnA6DF5smeEi4F1m3aJeSY59QqEjiVvmCVJ2DHzSrpY4Wae9HMQsFWqTa7UprwKQQGBUkccs39rgg-sZNhZAaamp7fOVyLiOSN0BDwD1wZq9dywZviQA29CwZMJ0eDSQKYJ9IFbVLh0dXSQek-v9BuJDdHZ8OQzowJaCz8WFCt4rn=s16000', 'ุฃูู ูู 100 ุฌููู', ''),
(21, 'ุณุงูุชุง ููุชุดูุง ', 3, 1, '600', 'ุณุงูุชุง ููุชุดูุง ูู ุฌู ุฎุงุตุ ุงูููุงู ููุณู ุนุฑููุ ูู ุฃูุงู ูุง ูุงูุช ุงูุฅุณููุฏุฑูุฉ ุจุชุดูุฏ ููุถุฉ ูุจูุฑุฉ. ุงููุทุนู ุจููุฏู ุฃููุงุช ุนุงูููุฉุ ุฒู ุงููุงูููุงุช ุงูุฅูุทุงููุฉุ ุงููุฑูุณูุฉุ ูุงููุฃูููุงุช ุงูุจุญุฑูุฉ. ุงูุฃุณุนุงุฑ ูู ุณุงูุชุง ููุชุดูุง ูุฑุชูุนุฉ ุดููุฉุ ุจุณ ุงูุฃุฌูุงุก ุงูุฑุงููุฉ ูุงูุฎุฏูุฉ ุงูููุชุงุฒุฉ ุจูุนูุถูุง ุนู ูุฏู.', 4.5, 'ุดุงุฑุน 40 ุตููุฉ ุฒุบูููุ ุงููุณูุฉ ุดุฑู, ูุญุทุฉ ุงูุฑูู', 'ุทุนุงู', 'https://assets.cairo360.com/app/uploads/2022/10/31/118085821_2954580954652696_367902159531456341_n.jpg', '500 ุฅูู 1000 ุฌููู', ''),
(22, 'ูุทุนู ุงุจู ุงูุจูุฏ ', 3, 1, '150', 'ูุทุนู ุงุจู ุงูุจูุฏ ูู ุงูุฅุณููุฏุฑูุฉ ุจููุฏู ุฃููุงุช ูุตุฑูุฉ ุชูููุฏูุฉุ ุฒู ุงููุจุงุจ ูุงููุดููุงุช. ุงูุฃุฌูุงุก ููู ุนุงุฆููุฉ ูุจุณูุทุฉุ ูุงูุฃุณุนุงุฑ ููุงุณุจุฉุ ูุด ูู ุงููุทุงุนู ุงููุงุฎุฑุฉุ ุจุณ ุงูุงูู ุจูููู ูุฐูุฐ.', 4.1, 'ุฌููู ุงูุฅุณููุฏุฑูุฉ', 'ุทุนุงู', 'https://s3-eu-west-1.amazonaws.com/elmenusv5-stg/Normal/584e59ab-cd60-4968-9f4b-5a7d446535ff.jpg', '100 ุฅูู 500 ุฌููู', ''),
(23, 'ูุทุนู ุงูุฎุงู', 1, 1, '1000', 'ูุฌุจุงุช:\r\nุงูุบุฏุงุก, ุงูุนุดุงุก, ุจุฑูุด\r\nุงูููุฒุงุช:\r\nุงูุชูู ุฃูุงู, ุงูุญุฌุฒ, ุฃูุงูู ููุฌููุณ ูู ุงูููุงุก ุงูุทูู, ุฃูุงูู ููุฌููุณ, ููุฌุฏ ูููู ุณูุงุฑุงุช, ูููู ุณูุงุฑุงุช ูุตุฏู, ุฎุฏูุฉ ุงูุชุธุงุฑ ุงูุณูุงุฑุงุช, ุชูุฌุฏ ูุฑุงุณู ููุฃุทูุงู, ุฏุฎูู ุงููุฑุงุณู ุงููุชุญุฑูุฉ, ููุฏู ุงููุดุฑูุจุงุช ุงููุญูููุฉ, ุจุงุฑ ูุงูู, ุฃูุฑููุงู ุฅูุณุจุฑูุณ, ุจุทุงูุฉ Mastercard, ุจุทุงูุฉ Visa, ุฎุฏูุฉ ูุงู ูุงู ูุฌุงููุฉ, ููุจู ุจุทุงูุงุช ุงูุงุฆุชูุงู, ุฎุฏูุฉ ุงููุงุฆุฏุฉ.', 5.0, 'ุนูุฑ ุจู ุงูุฎุทุงุจุ ูุณุงูู ุงููููุฏุณููุ ูุฏููุฉ ูุตุฑุ ูุญุงูุธุฉ ุงููุงูุฑุฉโฌ', 'ุทุนุงู', 'https://media-cdn.tripadvisor.com/media/photo-s/0e/ae/b1/9a/al-khal-egyptian-dishes.jpg', '1000 ุฅูู 1500 ุฌููู', ''),
(24, 'ูุทุนู ุฒูุจุง', 1, 1, '150', 'ูู ูุทุนู ุฒูุจุงุ ูุบูุฑ ุฃุทุนูุฉ ุงูุดูุงุฑุน ุงููุตุฑูุฉ ุงููุฃูููุฉ ุฑุฃุณูุง ุนูู ุนูุจ (ููุถูู ุนูููุง ุจุนุถ ุงูููุณุงุช ุงูุฅุถุงููุฉ ุฃูุถูุง). ููุญู ูุณุชุฎุฏู ููุท ุงูููุชุฌุงุช ุงูุทุงุฒุฌุฉ ุงููุญููุฉ ูุฅุนุฏุงุฏ ุฃุทุจุงู ุจุณูุทุฉ ููุฐูุฐุฉ. ููุง ูุณุชุฎุฏู ููุท ุงูููุชุฌุงุช ุงููุญููุฉ ูู ุทุนุงููุงุ ุจู ูุณุชุนูู ุฃูุถูุง ุจุงูููุงุฏ ุงููุญููุฉ ูุงูุฃุดูุงุก ุงูุชู ูุฌุฏูุงูุง ูุฅูุดุงุก ูุณุงุญุฉ ุทุนุงู ุงูุชูุงุฆูุฉ ุชูุฑู ุงูุฅุจุฏุงุน ูุงูุฑูุญ ุงูููููุฉ ููุดุนุจ ุงููุตุฑู.', 4.0, 'ุงูุฒูุงููุ ุงูุฌุจูุงูุฉุ ูุญุงูุธุฉ ุงููุงูุฑุฉโฌ', 'ุทุนุงู', 'https://th.bing.com/th/id/R.e844573dabf7fbb70147dfdb4c00ef04?rik=ovJf2vTKQ289VQ&riu=http%3a%2f%2fkhoroga.com%2fuploads%2flarg1482243781.jpg&ehk=OYfSNYyBvcxC37vE8aChBAN2g4Lk0fz6Y0s4eqkMWPo%3d&risl=&pid=ImgRaw&r=0', '100 ุฅูู 500 ุฌููู', ''),
(25, 'ูุทุนู ุฃุจู ุทุงุฑู', 1, 1, '100', 'ูุดุฑู ุฃุจู ุทุงุฑู ูู ุณูุณูุฉ ูุทุงุนู ุจุงุฑุฒุฉ ูู ูุตุฑุ ุชุดุชูุฑ ุจุทุจููุง ุงููููุฒุ ุงููุดุฑู. ุจุฏุฃ ูุคุณุณ ุงููุทุนูุ ุฃุจู ุทุงุฑูุ ุจูุน ุงููุดุฑู ูู ุนุฑุจุฉ ูุชูุงุถุนุฉ ูู ุฃุญุฏ ุดูุงุฑุน ุงููุงูุฑุฉ ุฎูุงู ุงูุฎูุณูููุงุช.', 4.5, 'Champollion Rd ูุนุฑูู 16 ูุฑูุจ ูู ุฏุงุฑ ุงููุถุงุก ุงูุนุงูู, ุงููุงูุฑุฉย4272135ยูุตุฑ', 'ุทุนุงู', 'https://th.bing.com/th/id/OIP.KSxT-QMTWbrNKWw0eLVfiQHaEc?rs=1&pid=ImgDetMain', 'ุฃูู ูู 100 ุฌููู', ''),
(26, 'ุณูุณูุฉ ูุทุงุนู ุฌุงุฏ', 1, 1, '100', 'ุงูุฃุทุจุงู ูุฌุจุงุช ุณุฑูุนุฉ, ุงูุดุฑู ุฃูุณุทูุฉ, ูุตุฑูุฉ\r\nุฃูุธูุฉ ุบุฐุงุฆูุฉ ุฎุงุตุฉ ููุงุณุจุฉ ููุฃุดุฎุงุต ุงููุจุงุชููู, ุฎูุงุฑุงุช ูุจุงุชูุฉ, ุญูุงู', 4.0, 'ุด ุงูุงุฒูุฑ 125, ุงููุงูุฑุฉ 11511ยูุตุฑ', 'ุทุนุงู', 'https://dynamic-media-cdn.tripadvisor.com/media/photo-o/15/61/a2/09/img-20181111-193817-largejpg.jpg?w=1000&h=-1&s=1', 'ุฃูู ูู 100 ุฌููู', ''),
(27, 'ูุทุนู ุงูููุงูู ุงููุตุฑูุฉ', 1, 1, '600', 'ูุฌุจุงุช:\r\nุงูุนุดุงุก, ูุดุฑูุจุงุช\r\nุงูููุฒุงุช:\r\nุงูุญุฌุฒ, ุฃูุงูู ููุฌููุณ, ููุฌุฏ ูููู ุณูุงุฑุงุช, ูููู ุณูุงุฑุงุช ูุตุฏู, ุชูููุฒููู, ุชูุฌุฏ ูุฑุงุณู ููุฃุทูุงู, ููุฏู ุงููุดุฑูุจุงุช ุงููุญูููุฉ, ุจุงุฑ ูุงูู, ุฎุฏูุฉ ูุงู ูุงู ูุฌุงููุฉ,ยุฎุฏูุฉยุงููุงุฆุฏุฉ', 5.0, 'ุดุงุฑุน ุงูุนุฑุจุฉ,ูููุชูู ุงููุงูุฑุฉ ูุตุฑ ุงูุฌุฏูุฏุฉ', 'ุทุนุงู', 'https://dynamic-media-cdn.tripadvisor.com/media/photo-o/18/67/db/0b/egyptian-nights-restaurant.jpg?w=900&h=500&s=1', '500 ุฅูู 1000 ุฌููู', ''),
(28, 'ูุทุนู ุฎุงู ุงูุฎูููู', 1, 1, '500', 'ุฎุงู ุงูุฎูููู: ููุจ ุงููุงูุฑุฉ ุงููุงุจุถ\r\nุฎุงู ุงูุฎูููู ููุณ ูุฌุฑุฏ ูุทุนูุ ุจู ูู ุชุฌุฑุจุฉ ูุฑูุฏุฉ ุชุฌูุน ุจูู ุงูุชุงุฑูุฎ ูุงูุชุฑุงุซ ูุงููุฐุงู ุงูุฃุตูู. ููุน ูุฐุง ุงูุฎุงู ุงูุนุฑูู ูู ููุจ ุงููุงูุฑุฉ ุงูุชุงุฑูุฎูุฉุ ููู ุนุจุงุฑุฉ ุนู ุณูู ุชูููุฏู ูุนูุฏ ุชุงุฑูุฎู ุฅูู ุงููุฑู ุงูุฑุงุจุน ุนุดุฑ.', 4.1, 'ุทุฑูู ุงูุดูุฎ ุงูููุตูุฑ, ุนุฒุจุฉ ุงููุฎู, ุงููุฑุฌ ุงููุจููุฉ', 'ุทุนุงู', 'https://dynamic-media-cdn.tripadvisor.com/media/photo-o/12/ed/2c/c0/photo6jpg.jpg?w=900&h=500&s=1', '500 ุฅูู 1000 ุฌููู', ''),
(29, 'ูุทุนู ุนุจุฏุงูููุงุจ ูุตุฑ', 1, 1, '1000', 'ูุทุนู ุนุจุฏ ุงูููุงุจ: ูููุฉ ูุตุฑูุฉ ุฃุตููุฉ\r\nูุทุนู ุนุจุฏ ุงูููุงุจ ูู ุงุณูู ุนุฑููู ูู ุนุงูู ุงููุทุงุนู ุงููุตุฑูุฉุ ูุฎุงุตุฉ ูู ุงููุงูุฑุฉ. ูุชููุฒ ุจุชูุฏูู ูุฃูููุงุช ูุตุฑูุฉ ุฃุตููุฉ ุจุทุฑููุฉ ุนุตุฑูุฉุ ููุง ูุฌุนูู ูุฌูุฉ ููุถูุฉ ูููุซูุฑูู.\r\n', 4.6, 'ุนูุฑ ุงูุฎูุงู, ุฒูุงูู ูุญุงูุธุฉ ุงููุงูุฑุฉ', 'ุทุนุงู', 'https://lh3.googleusercontent.com/p/AF1QipPYCe7JC9A13q5HfDpTl8isUJyHZAy21yiU9GG6=s1360-w1360-h1020', '500 ุฅูู 1000 ุฌููู', ''),
(30, 'ูุทุนู ุงููุฏุด', 1, 1, '300', 'ูุทุนู ุฃููุฏูุด: ููุณุฉ ุนุตุฑูุฉ ูู ููุจ ุงููุงูุฑุฉ\r\nูุทุนู ุฃููุฏูุด ูู ูุงุญุฏ ูู ุฃุญุฏุซ ุงููุทุงุนู ุงูุชู ุธูุฑุช ูู ุงููุดูุฏ ุงูุชูุงูุณู ููุนุงุตูุฉ ุงููุตุฑูุฉ. ูุฌูุน ูุฐุง ุงููุทุนู ุจูู ุงูุฃุฌูุงุก ุงูุนุตุฑูุฉ ูุงูุชุตููู ุงููุจุชูุฑ ูุน ุชูุฏูู ูุฃูููุงุช ุนุงูููุฉ ูุชููุนุฉ.\r\n', 4.2, 'ุฎูู ุงูุฌุฑูู ูุงูุจุณุ 20 ุดุงุฑุน ูุญูุฏ ูุญููุฏุ ุนุงุจุฏููุ ูุญุงูุธุฉยุงููุงูุฑุฉโฌ', 'ุทุนุงู', 'https://assets.cairo360.com/app/uploads/2018/04/6-1024x683.jpg', '100 ุฅูู 500 ุฌููู', ''),
(31, 'ูุทุนู ุงูุดุฑูุงูู', 1, 1, '100', 'ูุทุนู ุงูุดุฑูุงูู: ูููุฉ ูุตุฑูุฉ ุฃุตููุฉ\r\nูุทุนู ุงูุดุฑูุงูู ูู ุงุณูู ุนุฑููู ูู ุนุงูู ุงููุทุงุนู ุงููุตุฑูุฉุ ูุฎุงุตุฉ ูู ุงููุงูุฑุฉ. ุงุดุชูุฑ ูุฐุง ุงููุทุนู ุจุชูุฏูู ุฃุดูู ูุฃูุฐ ุฃุทุจุงู ุงููุจุฏุฉ ูุงููุฎุ ุญูุซ ูุนุชุจุฑ ูู ุฃูุงุฆู ุงููุทุงุนู ุงูุชู ุชุฎุตุตุช ูู ูุฐุง ุงูููุน ูู ุงูุฃุทุนูุฉ.', 4.4, '92 ุญุงุฑุฉ ุงููุณููุ ุงููุงููู ุงููุจูุฑ ุดุฑูุ ุญุฏุงุฆู ุงููุจุฉุ ูุญุงูุธุฉยุงููุงูุฑุฉ', 'ุทุนุงู', 'https://th.bing.com/th/id/OIP.G3Hoagz_QUKZMDkaS61SowHaHa?rs=1&pid=ImgDetMain', 'ุฃูู ูู 100 ุฌููู', ''),
(32, 'ูุทุนู ุฃุจู ุฃุญูุฏ', 1, 1, '100', 'ูุทุนู ุฃุจู ุฃุญูุฏ: ูููุฉ ูุตุฑูุฉ ุฃุตููุฉ\r\nูุทุนู ุฃุจู ุฃุญูุฏ ูู ุงุณูู ูุฃูููู ูู ุนุงูู ุงููุทุงุนู ุงููุตุฑูุฉุ ูุฎุงุตุฉ ูู ุงููุงูุฑุฉ. ุงุดุชูุฑ ูุฐุง ุงููุทุนู ุจุชูุฏูู ูุฃูููุงุช ูุตุฑูุฉ ุฃุตููุฉ ุจุทุฑููุฉ ุชูููุฏูุฉุ ููุง ุฌุนูู ูุฌูุฉ ููุถูุฉ ูููุซูุฑูู ุงูุฐูู ูุจุญุซูู ุนู ุทุนู ุงููุทู.', 4.5, '27X5+R75, Al Gamaleyah, Qesm Gamaleyahุ ูุญุงูุธุฉยุงููุงูุฑุฉโฌ', 'ุทุนุงู', 'https://th.bing.com/th/id/OIP.GTzjUK2CrnxoR_3oqJRJPwHaFj?rs=1&pid=ImgDetMain', 'ุฃูู ูู 100 ุฌููู', ''),
(33, 'ูุจุงุฌู ุงูุฃูุฑุงู ุจุฑุงุบูุชู', 1, 1, '200', 'ูุจุงุจุฌู ุงูุฃูุฑุงู ุจุฑุงุบูุชู: ูููุฉ ุงููุดููุงุช ุงูุฃุตููุฉ\r\nูุจุงุจุฌู ุงูุฃูุฑุงู ุจุฑุงุบูุชู ูู ุงุณูู ุนุฑููู ูู ุนุงูู ุงููุดููุงุช ุงููุตุฑูุฉุ ูุฎุงุตุฉ ูู ุงููุงูุฑุฉ. ุงุดุชูุฑ ูุฐุง ุงููุทุนู ุจุชูุฏูู ุฃุดูู ูุฃูุฐ ุฃููุงุน ุงููุจุงุจ ูุงูุดุงูุฑูุงุ ุญูุซ ูุนุชุจุฑ ูู ุฃูุงุฆู ุงููุทุงุนู ุงูุชู ุชุฎุตุตุช ูู ูุฐุง ุงูููุน ูู ุงูุฃุทุนูุฉ.', 4.3, 'ุดุงุฑุน ุฃุจู ุงูููู ุงูุณูุงุญูุ ูุฒูุฉ ุงูุณูุงูุ ุงููุฑูุ ูุญุงูุธุฉยุงูุฌูุฒุฉ', 'ุทุนุงู', 'https://th.bing.com/th/id/OIP.A6HTsKjXlRfyyc3qlKxoBwHaFL?rs=1&pid=ImgDetMain', '100 ุฅูู 500 ุฌููู', ''),
(34, 'ูุทุนู ุจูุช ุงูุณูุทุงู', 1, 1, '300', 'ูุทุนู ุจูุช ุงูุณูุทุงู: ููุณุฉ ุฃุตููุฉ ูู ุงููุทุจุฎ ุงููุตุฑู\r\nูุทุนู ุจูุช ุงูุณูุทุงู ูู ุงุณูู ุนุฑููู ูู ุนุงูู ุงููุทุงุนู ุงููุตุฑูุฉุ ูุฎุงุตุฉ ูู ุงููุงูุฑุฉ. ุงุดุชูุฑ ูุฐุง ุงููุทุนู ุจุชูุฏูู ูุฃูููุงุช ูุตุฑูุฉ ุฃุตููุฉ ุจุทุฑููุฉ ุชูููุฏูุฉุ ููุง ุฌุนูู ูุฌูุฉ ููุถูุฉ ูููุซูุฑูู ุงูุฐูู ูุจุญุซูู ุนู ุทุนู ุงููุทู.', 4.3, '55 ุนุจุฏ ุงูุนุฒูุฒ ุงู ุณุนูุฏุ ูุณู ูุตุฑ ุงููุฏููุฉุ ูุญุงูุธุฉยุงููุงูุฑุฉ', 'ุทุนุงู', 'https://th.bing.com/th/id/OIP.7cnbdJW1CK0lOWdXWGV-8wHaEK?rs=1&pid=ImgDetMain', '100 ุฅูู 500 ุฌููู', ''),
(35, 'ุงููุชุญู ุงููููู ููุญุถุงุฑุฉ ุงููุตุฑูุฉ', 1, 4, '100', 'ุงููุชุญู ุงููููู ููุญุถุงุฑุฉ ุงููุตุฑูุฉ: ุจูุงุจุฉ ุฅูู ุฃุนูุงู ุงูุชุงุฑูุฎ\r\nุงููุชุญู ุงููููู ููุญุถุงุฑุฉ ุงููุตุฑูุฉ ูู ุฌููุฑุฉ ุฌุฏูุฏุฉ ุชุฒูู ุณูุงุก ุงููุงูุฑุฉุ ููุนุฏ ุชุญูุฉ ูุนูุงุฑูุฉ ูุฑูุฏุฉ ูู ููุนูุงุ ุญูุซ ูุฌูุน ุจูู ุงูุญุฏุงุซุฉ ูุงูุชุฑุงุซ ุงููุตุฑู ุงูุนุฑูู. ููุน ุงููุชุญู ูู ููุทูุฉ ุงููุณุทุงุทุ ููุจ ุงูุญุถุงุฑุฉ ุงูุฅุณูุงููุฉ ูู ูุตุฑุ ูููุชุฏ ุนูู ูุณุงุญุฉ ุดุงุณุนุฉ ุชุจูุบ 33.5 ูุฏุงู.', 4.5, 'ุดุงุฑุน ุงููุณุชุงุช, ุงููุงูุฑุฉ', 'ุณูุงุญู', 'https://th.bing.com/th/id/OIP.fqWSvs7CGNzQV2ep9lMRjQHaE8?w=960&h=640&rs=1&pid=ImgDetMain', 'ุฃูู ูู 100 ุฌููู', ''),
(36, 'ูุชุญู ูุตุฑ ุนุงุจุฏูู', 1, 4, '100', 'ูุตุฑ ุนุงุจุฏููุ ูู ุฃุญุฏ ุฃุดูุฑ ูุตูุฑ ูุตุฑ ุงูุชุงุฑูุฎูุฉ. ุดูุฏ ุงููุซูุฑ ูู ุงูุฃุญุฏุงุซ ููุฐ ุงูุนูุฏ ุงููููู ูุญุชู ูุดุฃุฉ ุงููุงูุฑุฉ ุงูุญุฏูุซุฉ.\r\nููุนุฏ ูุตุฑ ุนุงุจุฏูู ุชุญูุฉ ุชุงุฑูุฎูุฉ ูุงุฏุฑุฉ ุจุงูุดูู ุงูุฐู ุญูููู ุฅูู ูุชุญู ูุนูุณ ุงููุฎุงูุฉ ุงูุชู ุดูููุฏ ุจูุง ุงููุตุฑ ูุงูุฃุญุฏุงุซ ุงููุงูุฉ ุงูุชู ุดูุฏูุง ููุฐ ุงูุนุตุฑ ุงููููู ูุญุชู ููุงู ุซูุฑุฉ ููููู 1952.', 4.0, 'ููุฏุงู ุงูุฌูููุฑูุฉ, ุงููุงูุฑุฉ', 'ุณูุงุญู', 'https://dynamic-media-cdn.tripadvisor.com/media/photo-o/01/11/4c/d9/the-garden-outside-the.jpg?w=900&h=500&s=1', 'ุฃูู ูู 100 ุฌููู', ''),
(37, 'ูุชุญู ูุตุฑ ุงููููู', 1, 4, '100', 'ูุตุฑ ุงูุฃููุฑ ูุญูุฏ ุนูู ุจุงููููู ุฃู ูุตุฑ ุงููููู ุฃู ูุชุญู ูุตุฑ ูุญูุฏ ุนูู ุจุงููููู ุฃู ูุชุญู ูุตุฑ ุงููููู ูู ุฃุญุฏ ูุตูุฑ ุงูุนูุฏ ุงููููู ูู ูุตุฑ ุฐุงุช ุงูุทุงุจุน ุงููุนูุงุฑู ุงูุฎุงุต. ุจุฏุฃ ุจูุงุก ุงููุตุฑ ุนุงู 1901ุ ูููุน ุจุฌุฒูุฑุฉ ูููู ุงูุฑูุถุฉ ุจุงููุงูุฑุฉ ุนูู ูุณุงุญุฉ 61711 ูุชุฑยฒ ูููุง 5000 ูุชุฑ ุชูุซู ูุณุงุญุฉ ุงููุจุงูู. ูุนุฏ ุงููุตุฑ ุชุญูุฉ ูุนูุงุฑูุฉ ูุฑูุฏุฉ ูููู ูุถู ุทุฑุฒ ูููู ุฅุณูุงููุฉ ูุชููุนุฉ ูุง ุจูู ูุงุทูู ููููููู ูุนุซูุงูู ูุฃูุฏูุณู ููุงุฑุณู ูุดุงููุ ููุดุชูู ุงููุตุฑ ุนูู ุซูุงุซ ุณุฑุงูุงุช ูู: ุณุฑุงู ุงูุฅูุงูุฉุ ูุณุฑุงู ุงูุงุณุชูุจุงูุ ูุณุฑุงู ุงูุนุฑุดุ ุจุงูุฅุถุงูุฉ ุฅูู ุงููุณุฌุฏุ ูุงููุชุญู ุงูุฎุงุตุ ููุชุญู ุงูุตูุฏุ ูุจุฑุฌ ุงูุณุงุนุฉุ ููุญูุท ุจู ุณูุฑ ุนูู ุทุฑุงุฒ ุฃุณูุงุฑ ุญุตูู ุงููุฑูู ุงููุณุทูุ ูููุง ุชุญูุท ุจุณุฑุงูุงู ูู ุงูุฏุงุฎู ุญุฏุงุฆู ุชุถู ูุฌููุนุฉ ูุงุฏุฑุฉ ูู ุงูุฃุดุฌุงุฑ ูุงููุจุงุชุงุชุ ููุณุชุฎุฏู ุงููุตุฑ ุญุงููุงู ููุชุญู.', 4.5, 'ุดุงุฑุน ุงูุณุฑุงูุง,ุฌุฒูุฑุฉ ุงููููู ุงููุงูุฑุฉ', 'ุณูุงุญู', 'https://dynamic-media-cdn.tripadvisor.com/media/photo-o/11/40/0d/c6/photo0jpg.jpg?w=900&h=500&s=1', 'ุฃูู ูู 100 ุฌููู', ''),
(38, 'ูุชุญู ุงูุฃุซุงุฑ ุงููุตุฑูุฉ', 1, 4, '100', 'ุงููุชุญู ุงููุตุฑู ูู ุฃูุฏู ูุชุญู ุฃุซุฑู ูู ุงูุดุฑู ุงูุฃูุณุทุ ููุถู ุฃูุจุฑ ูุฌููุนุฉ ูู ุงูุขุซุงุฑ ุงููุตุฑูุฉ ุงููุฏููุฉ ูู ุงูุนุงูู. ูุนุฑุถ ุงููุชุญู ูุฌููุนุฉ ูุจูุฑุฉ ุชูุชุฏ ูู ูุชุฑุฉ ูุง ูุจู ุงูุฃุณุฑุงุช ุฅูู ุงูุนุตุฑูู ุงููููุงูู ูุงูุฑููุงูู.', 4.5, 'ููุฏุงู ุงูุชุญุฑูุฑ, ุงููุงูุฑุฉ', 'ุณูุงุญู', 'https://dynamic-media-cdn.tripadvisor.com/media/photo-o/0f/0b/ae/20/img-20170420-220949-228.jpg?w=900&h=500&s=1', 'ุฃูู ูู 100 ุฌููู', ''),
(39, 'ูุงูุฑู ููุณุชูุงู ุณูุชู ููู-Cairo Festival City Mall', 1, 2, '500', 'ูุงูุฑู ูุณุชููุงู ุณูุชู ูู ุฃุญุฏ ูุดุงุฑูุน ูุฌููุนุฉ ูุงุฌุฏ ุงููุทูู ุงูุฅูุงุฑุงุชูุฉ ููู ุนุจุงุฑุฉ ุนู ูุฌุชูุน ุญุถุฑู ูุชุนุฏุฏ ุงูุงุณุชุฎุฏุงูุงุช ููุน ุดุฑู ุงูุทุฑูู ุงูุฏุงุฆุฑู ุจูุฏููุฉ ุงููุงูุฑุฉ ุงูุฌุฏูุฏุฉุ ูุตุฑ. ููุชุฏ ุงููุดุฑูุน ุนูู ูุณุงุญุฉ 700 ูุฏุงู ูุถู ูููุงุชุ ุดูู ุณูููุฉุ ููุงุทู ุชุฌุงุฑูุฉุ ูููุ ูุฏุงุฑุณ ุฏูููุฉ ููุณุงุญุงุช ููุชุจูุฉ ููุถู ุญุงููุงู ุฃูุจุฑ ููู ูู ุงููุงูุฑุฉ ุงูุฌุฏูุฏุฉ.', 4.5, 'ุดุงุฑุน ุงูุชุณุนูู, ุงูุทุฑูู ุงูุฏุงุฆุฑู, ุงููุงูุฑุฉ ุงูุฌุฏูุฏุฉ', 'ุชุฑููู', 'https://dynamic-media-cdn.tripadvisor.com/media/photo-o/0b/11/40/9d/20160416-213043-largejpg.jpg?w=900&h=500&s=1', '500 ุฅูู 1000 ุฌููู', ''),
(40, 'ุณูุชู ุงุณุชุงุฑ ููู-City Star Mall', 1, 2, '500', 'ุณูุชู ุณุชุงุฑุฒ ููู ูุฑูุฒ ุชุฌุงุฑู  ุงูุชุชุญ ูู ุฏูุณูุจุฑ 2004. ููุน ูู ูุฏููุฉ ูุตุฑุ ูุนุชุจุฑ ุฃูู ูุดุฑูุน ููุชูููุฉ ุงููุชูุงููุฉ ูู ููุนู ูู ุงูุดุฑู ุงูุฃูุณุท ูุฃูุฑูููุง ูุฃูุจุฑ ูุฑูุฒ ุชุฌุงุฑู ูู ูุตุฑ.\r\nูุญุงูู ุทุฑุงุฒู ุงูุญุถุงุฑุฉ ุงููุตุฑูุฉ ุงููุฏููุฉ ุญูุซ ูุชููู ูู ุซูุงุซุฉ ุฃูุฑุงูุงุช ุฒุฌุงุฌูุฉ ุฌุฒุฆูุง ูุญูุท ุจูุง 11 ุจุฑุฌ ุจุงูุฅุถุงูุฉ ุฅูู ูุจูู ูุจูุฑ ูููุตู ุนุจุงุฑุฉ ุนู ูุฌูุน ูุญุงู ููุชุณูู.', 4.5, 'ุงูุชุฏุงุฏ ููุฑู ุนุจูุฏ, ูุณุงูู ุงููููุฏุณูู ุงููุงูุฑุฉ', 'ุชุฑููู', 'https://dynamic-media-cdn.tripadvisor.com/media/photo-o/18/0d/82/42/city-stars-mall.jpg?w=900&h=500&s=1', '500 ุฅูู 1000 ุฌููู', ''),
(41, 'ุฃูุจู ุงูุฑ ููู-Open Air Mall', 1, 2, '500', 'ููุนุฏ ุฃูุจู ุฃูุฑ ููู ูุฏููุชู ุฃุญุฏ ุฃูุจุฑ ุงููุฑุงูุฒ ุงูุชุณููููุฉ ูู ูุตุฑ ูุงูุดุฑู ุงูุฃูุณุทุ ุญูุซ ุชุชุฎุทู ุงููุณุงุญุฉ ุงูุฅูุฌุงุฑูุฉ ูุญู 92 ุฃูู ูุชุฑ ูุฑุจุนุ ุชุถู ุฃุดูุฑ ุงูุจุฑุงูุฏุงุช ุงููุญููุฉ ูุงูุนุงูููุฉ ูู ูุฌุงู ุงูุฃุฒูุงุก ูุงูููุถุฉ ูุชููุฑ ุฃุฑูู ุงูุฃุฒูุงุก ุงูููุงุฆูุฉ ููุงูุฉ ุงูุงุทูุงูุงุชุ ูุถูุง ุนู ุฃุดูุฑ ุณูุงุณู ุงููุทุงุนู ุงูุชู ุชุชูุญ ุงุดูู ุงููุฃูููุงุชุ ูุงููุงูููุงุช ุงูุนุงูููุฉ ูุชุฌุฑุจุฉ ุงูุงุณุชูุชุงุน.', 4.5, 'ุทุฑูู ุทูุนุช ูุตุทูู, ูุฏููุชู, ุงููุงูุฑุฉ ุงูุจูุงุจุฉ ุงูุฑุฆูุณูุฉ', 'ุชุฑููู', 'https://img.youm7.com/ArticleImgs/2022/2/16/240461-WhatsApp-Image-2022-02-16-at-4.24.08-PM-(1).jpeg', '500 ุฅูู 1000 ุฌููู', ''),
(42, 'ุฏุงุฑ ุงูุฃูุจุฑุง ุงููุตุฑูุฉ\r\n(Cairo Opera House)', 1, 2, '200', 'ูุนุชุจุฑ ุงููุฑูุฒ ุงูุซูุงูู ุงููููู ุงููุชุนุงุฑู ุนููู ุจุงุณู (ุฏุงุฑ ุงูุฃูุจุฑุง ุงููุตุฑูุฉ) ุฃุญุฏ ุฃูู ุงูููุงุฑุงุช ุงูุซูุงููุฉ ูู ูุตุฑุ ูููุฐ ุงูุดุงุฆูุง ุนุงู 1988 ููู ุชูุฏู ุงููููู ุงูุฑููุนุฉ ูุงูุฃูุดุทุฉ ุงูุงุจุฏุงุนูุฉ ุงููุฎุชููุฉ ุจุฃุณุนุงุฑ ุฑูุฒูุฉ (ูู ุฃุบูุจ ุงูุฃุญูุงู) ูุฐูู ุจูุฏู ุฌุฐุจ ุงูุฌูุงููุฑ ุงูููุงุ ููุง ุญุฑุตุช ุงูุงุฏุงุฑุงุช ุงููุชุนุงูุจุฉ ุนูููุง ุนูู ุชูุฏูู ูููู ูุชููุนุฉ ุบูุงุฆูุฉ ูููุณูููุฉ.', 4.7, 'ุจุฑุฌ ุงูุฌุฒูุฑุฉุ ุงููุงูุฑุฉุ ูุตุฑ', 'ุชุฑููู', 'https://www.cairoopera.org/media/esvjyhs3/opera-house3.jpg', '100 ุฅูู 500 ุฌููู', ''),
(43, 'ุดุงุฑุน ุงููุนุฒ', 1, 2, '300', 'ููุนุฏ ุงูุดุงุฑุน ุญุงููุงู ูุชุญูุงู ููุชูุญุงู ูุญูู ุงูุนุฏูุฏ ูู ุงูุขุซุงุฑ ุงูุฅุณูุงููุฉ ุงูุชู ุชุฑุฌุน ูุนุฏุฉ ุนุตูุฑ ูุถูุงู ุนู ุงูุซุฑุงุก ุงููุนูุงุฑู ูุชููุนู ุจูู ุนูุงุฑุฉ ุฏูููุฉุ ุณูููุฉุ ุชุฌุงุฑูุฉุ ุฎูุฑูุฉ ูุนุณูุฑูุฉ. ููุน ุงูุดุงุฑุน ุฏุงุฎู ูุทุงู ุงููุงูุฑุฉ ุงูุชุงุฑูุฎูุฉ ุงูุชู ุชู ุฅุฏุฑุงุฌูุง ุนูู ูุงุฆูุฉ ููุงูุน ุงูุชุฑุงุซ ุงูุนุงููู ุนุงู 1979.', 4.5, 'ุดุงุฑุน ุงููุนุฒ, ุงููุงูุฑุฉ', 'ุชุฑููู', 'https://img.youm7.com/ArticleImgs/2022/4/3/85977-%D9%85%D8%AA%D8%AD%D9%81-%D9%85%D9%81%D8%AA%D9%88%D8%AD-%D9%81%D9%8A-%D8%B4%D8%A7%D8%B1%D8%B9-%D8%A7%D9%84%D9%85%D8%B9%D8%B2.jpg', '100 ุฅูู 500 ุฌููู', ''),
(44, 'ูุตุฑ ุงูุจุงุฑูู', 1, 2, '100', 'ูุตุฑ ุงูุจุงุฑูู ูุงุญุฏ ูู ุฃูู ุงููุตูุฑ ุงูุชุงุฑูุฎูุฉ ูู ูุตุฑุ ูุงูุฐู ููุน ุจุดุงุฑุน ุตูุงุญ ุณุงูุน ูู ููุทูุฉ ูุตุฑ ุงูุฌุฏูุฏุฉุ ูุชูุงูุฏ ุนููู ุงููุซูุฑ ูู ุงูุฒูุงุฑ ุจุตูุฑุฉ ููููุฉ ููุฐ ุฅุนุงุฏุฉ ุงูุชุชุงุญู ูู ุนุงู 2020ุ ููุฑุฌุน ุชุงุฑูุฎ ุฅูุดุงุกู ุฃูู ูุฑุฉ ูู ุฃูุงุฆู ุงููุฑู ุงูุนุดุฑูู ูุจุงูุชุญุฏูุฏ ูู ุนุงู 1907ุ ูุงุณุชุบุฑู ุชุดููุฏู ุญูุงูู ุซูุงุซ ุณููุงุช ูุงููุฉ.', 4.5, 'ุดุงุฑุน ุงูุนุฑููุฉ, ููููุจูุจููุณ', 'ุชุฑููู', 'https://dynamic-media-cdn.tripadvisor.com/media/photo-o/0b/6f/69/3f/img-20160529-wa0011-largejpg.jpg?w=900&h=500&s=1', 'ุฃูู ูู 100 ุฌููู', ''),
(45, 'ููุนุฉ ุตูุงุญ ุงูุฏูู ุงูุฃููุจู', 1, 4, '100', 'ุดุฑุน ุตูุงุญ ุงูุฏูู ุงูุฃููุจู ูู ุชุดููุฏ ููุนุฉ ููู ุฌุจู ุงูููุทู ูู ููุถุน ูุงู ูุนุฑู ุจูุจุฉ ุงูููุงุก. ููููู ูู ูุชููุง ูู ุญูุงุชู. ูุฅููุง ุฃุชููุง ุงูุณูุทุงู ุงููุงูู ุจู ุงูุนุงุฏู. ููุงู ุฃูู ูู ุณูููุง ูู ุงูููู ุงููุงูู ูุงุชุฎุฐูุง ุฏุงุฑุงู ููููู. ูุงุณุชูุฑุช ูุฐูู ุญุชู ุนูุฏ ุงูุฎุฏููู ุฅุณูุงุนูู.', 4.6, 'ูุฏุฎู ุฎุงุต ุจุงูููุนูุ ุงูุฃุจุงุฌูุฉุ ุงูุฎูููุฉุ ูุญุงูุธุฉยุงููุงูุฑุฉ', 'ุณูุงุญู', 'https://egymonuments.gov.eg/media/2332/27.jpg', 'ุฃูู ูู 100 ุฌููู', ''),
(46, 'ูููู ูุฌูุจ ูุญููุธ', 1, 1, '100', 'ูููู ูุฌูุจ ูุญููุธ ููุน ูุฐุง ุงููููู ุงูุชุงุฑูุฎู ูู ุฎุงู ุงูุฎููููุ ููุชููุฒ ุจุฃุฌูุงุฆู ุงูุชูููุฏูุฉ ูุฏูููุฑู ุงูุฌููู. ููููู ุงูุงุณุชูุชุงุน ุจุชูุงูู ุงููููุฉ ุงูุนุฑุจูุฉ ุงูุชูููุฏูุฉ ุฃู ุงูุดุงู ุจุงููุนูุงุนุ ุจุงูุฅุถุงูุฉ ุฅูู ูุฌููุนุฉ ูุชููุนุฉ ูู ุงูุฃุทุจุงูยุงููุตุฑูุฉยุงูุดููุฉ.', 4.3, '5 ุด ุณูุฉ ุงูุจุงุฏุณุชุงูุ ุฎุงู ุงูุฎููููุ ูุณู ุงูุฌูุงููุฉุ ูุญุงูุธุฉยุงููุงูุฑุฉโฌ', 'ุทุนุงู', 'https://assets.cairo360.com/app/uploads/2018/11/khan-el-khalili-restaurant-naguib-mahfouz-cafe.jpg', 'ุฃูู ูู 100 ุฌููู', ''),
(47, 'ูููุฉ ุฃู ููุซูู', 1, 1, '100', 'ูููุฉ ุฃู ููุซูู: ุฑุญูุฉ ูู ุฒูู ุงููู ุงูุฌููู\r\nูููุฉ ุฃู ููุซูู ูู ุฃูุซุฑ ูู ูุฌุฑุฏ ููุงู ูุชูุงูู ุงููููุฉ ูู ุงููุงูุฑุฉุ ููู ุฑูุฒ ูู ุฑููุฒ ุงูุญููู ุฅูู ุงูุฒูู ุงูุฌูููุ ูุฑุญูุฉ ุฅูู ุนุงูู ูููุจ ุงูุดุฑู. ููุน ุงููููู ูู ููุจ ุงููุงูุฑุฉ ุงูุชุงุฑูุฎูุฉุ ููู ููุงู ูุฌุฐุจ ูุญุจู ุงููู ูุงูููุณููู ูุนุดุงู ูููุจ ุงูุดุฑู ูู ุฌููุน ุฃูุญุงุก ุงูุนุงูู.\r\n', 4.0, '27 ุนุฑุงุจูุ ุงูุฃุฒุจููุฉุ ูุญุงูุธุฉ ุงููุงูุฑุฉโฌ', 'ุทุนุงู', 'https://lh5.googleusercontent.com/p/AF1QipMkXluZ8iML4781DkZGXfZNoUb2wZHvlF1gsUXU=w408-h306-k-no', 'ุฃูู ูู 100 ุฌููู', ''),
(48, 'ูููู ุงูููุดุงูู', 1, 1, '100', 'ูููู ุงูููุดุงูู ูู ุชุงุฑูุฎ ุนุฑููุ ุจูุนุชุจุฑ ูู ุฃูุฏู ุงูููุงูู ูู ุงููุงูุฑุฉุ ุจููุน ุฌูู ุฎุงู ุงูุฎููููุ ูุฏู ุฃูุจุฑ ุณูู ุดุนุจู ูู ุงููุงูุฑุฉ. ุงูููุงู ููุณู ูู ุทุงุจุน ูุฏููุ ูุชูุงูู ููู ุฏูููุฑุงุช ุฎุดุจูุฉ ูุฃุซุงุซ ุชูููุฏู. ูู ุฑุญุช ููุงูุ ูููู ุชุณุชูุชุน ุจุงููููุฉ ุงูุนุฑุจูุฉ ุงูุฃุตููุฉ ูุงูุดุงู ุจุงููุนูุงุนุ ููู ุนุงูุฒ ุญุงุฌุฉ ููุฃููุ ูุชูุงูู ุฃุทุจุงู ูุตุฑูุฉ ุชูููุฏูุฉ ุฒู ุงูููู ูุงูุทุนููุฉ.\r\n', 4.2, 'ุนููุงู ูููู ุงูููุดุงูู ูู ุฎุงู ุงูุฎูููู ูู 2 ุดุงุฑุน ุฎุงู ุงูุฎููููุยููุฏุงูยุงูุญุณูู.', 'ุทุนุงู', 'https://mediaaws.almasryalyoum.com/news/verylarge/2023/09/23/2203976_0.jpeg', 'ุฃูู ูู 100 ุฌููู', ''),
(49, 'ูููู ุฑูุด', 1, 1, '100', 'ูููู ุฑูุด ูู ุชุงุฑูุฎ ุนุฑููุ ุจูุนุชุจุฑ ูู ุฃูุฏู ุงูููุงูู ูู ุงููุงูุฑุฉุ ูุจููุน ูู ูุณุท ุงูุจูุฏุ ุจุงููุฑุจ ูู ููุฏุงู ุทูุนุช ุญุฑุจ. ุงูููุงู ููุณู ูู ุทุงุจุน ูุฏููุ ูุชูุงูู ููู ุฏูููุฑุงุช ุฎุดุจูุฉ ูุฃุซุงุซ ุชูููุฏู.\r\nูู ุฑุญุช ููุงูุ ูููู ุชุณุชูุชุน ุจุงููููุฉ ุงูุนุฑุจูุฉ ุงูุฃุตููุฉ ูุงูุดุงู ุจุงููุนูุงุนุ ููู ุนุงูุฒ ุญุงุฌุฉ ููุฃููุ ูุชูุงูู ุฃุทุจุงู ุฎูููุฉ ุฒู ุงูุณุงูุฏูุชุดุงุช.\r\n', 4.5, '29 ุดุงุฑุน ูุฏู ุดุนุฑุงููุ ูุณุทยุงูุจูุฏุยุงููุงูุฑุฉ', 'ุทุนุงู', 'https://ramadan.almasryalyoum.com/wp-content/uploads/2021/04/Cafe-Riche.jpg', 'ุฃูู ูู 100 ุฌููู', ''),
(50, 'ููุณุชุง ูุงููู', 1, 1, '100', 'ููุณุชุง ูููู ูู ุณูุณูุฉ ููุงูู ุนุงูููุฉ ูุดููุฑุฉ ุชูุฏู ุชุฌุฑุจุฉ ูููุฉ ูุฑูุฏุฉ ููููุฒุฉ. ุชุชููุฒ ููุณุชุง ุจุชููุน ูุดุฑูุจุงุชูุงุ ุจุฏุกูุง ูู ุงููููุฉ ุงูุนุฑุจูุฉ ุงูุฃุตููุฉ ูุญุชู ุงููุดุฑูุจุงุช ุงูุจุงุฑุฏุฉ ุงูููุนุดุฉุ ุจุงูุฅุถุงูุฉ ุฅูู ุชุดูููุฉ ูุงุณุนุฉ ูู ุงููุฌุจุงุช ุงูุฎูููุฉยูุงูุณุงูุฏููุชุดุงุช.', 4.2, 'ุดุงุฑุน ุดุฑูู ุจุงุดุงุ ุจุงุจ ุงููููุ ุนุงุจุฏููุ ูุญุงูุธุฉยุงููุงูุฑุฉโฌ', 'ุทุนุงู', 'https://media-cdn.tripadvisor.com/media/photo-s/1a/2e/c4/2b/photo0jpg.jpg', 'ุฃูู ูู 100 ุฌููู', ''),
(51, 'Crafted Home - ูุฑุงูุชูุฏยููู', 1, 1, '100', 'ูููู ูุฑุงูุชูุฏ ููู ูุฑุงูุชูุฏ ููู ูู ูููู ูุฑูุฏ ูุฌูุน ุจูู ุณุญุฑ ุงููููุฉ ูุงููู ูู ููุจ ุงููุงูุฑุฉ. ูุชููุฒ ูุฐุง ุงููููู ุจุฌููู ุงูุฏุงูุฆ ูุงููุฑูุญุ ูุชุตูููู ุงูุนุตุฑู ุงูุฐู ููุฒุฌ ุจูู ุงูุนูุงุตุฑ ุงูุฎุดุจูุฉ ูุงูุฏูููุฑุงุช ุงููููุฉ.\r\n', 4.5, 'ุดุงุฑุน ุนุฏููุ ุงูููุงูุฉุ ุนุงุจุฏููุ ูุญุงูุธุฉ ุงููุงูุฑุฉโฌ', 'ุทุนุงู', 'https://encrypted-tbn0.gstatic.com/images?q=tbn:ANd9GcSzkF0seAQa7KFrjaG4Jr_MnaCLND_VS_7K5Q&s', 'ุฃูู ูู 100 ุฌููู', ''),
(52, 'Kemet Art Gallery', 1, 1, '100', '', 4.3, '30 ุดุงุฑุน ุดุฑูู ุจุงุดุงุ downtownุ ุนุงุจุฏููุ \r\nูุญุงูุธุฉยุงููุงูุฑุฉโฌ', 'ุทุนุงู', 'https://assets.cairo360.com/app/uploads/2023/06/06/kemet-.jpg', 'ุฃูู ูู 100 ุฌููู', ''),
(53, 'Al Sabbahi Restaurants', 2, 1, '600', 'ููุฏู ุงููุทุนู ูุฌููุนุฉ ูุชููุนุฉ ูู ุงูุฃุทุจุงู ุงูุจุญุฑูุฉ ุงูุทุงุฒุฌุฉุ ูุน ุฎูุงุฑุงุช ูุงุณุนุฉ ุชูุงุณุจ ุฌููุน ุงูุฃุฐูุงู', 4.5, 'ุงูููุตูุฑู ุงูู ุดุงุฑุน ููุงุฉ ุงูุณููุณ ุจุฌูุงุฑ ูุฏูุฑูุฉ\r\nุงูุงูู ุงููุฏููู,ยุงูููุตูุฑุฉยูุตุฑ', 'ุทุนุงู', 'https://dynamic-media-cdn.tripadvisor.com/media/photo-o/1a/99/5c/68/caption.jpg?w=1000&h=600&s=1', '500 ุฅูู 1000 ุฌููู', ''),
(54, 'ูุทุนู Holmes Burgers', 2, 1, '200', 'ูู ุงููุทุงุนู ุงูุญุงุตูุฉ ุนูู ุชูููู 4.5 ูุฌูุฉ ูู ูุจู ุฑูุงุฏู ุนูู ุฌูุฌูุ ููุง ูุฌุนูู ูู ุงููุทุงุนู ุงูููุซููุฉ ุฎุงุตุฉ ูุฃูู ูุง ุฒุงู ูุญุชูุธ ุจุฌูุฏุชู ููุฐ ุงูููู ุงูุฃูู ููุงูุชุชุงุญ ูุญุชู ุงูุขูุ ููุดุชูุฑ ุจุชูุฏูู ูุงูุฉ ุฃููุงุน ุณูุฏูุชุดุงุช ุงูุจุฑุฌุฑ ูุงูุตูุตุงุช ุงููููุฒุฉ ุจุงูุฅุถุงูุฉ ุฅูู ุฃุตูุงู ุฌุงูุจูุฉ ูุฎุชููุฉ.', 4.5, ' ุญู ุงูุฌุงูุนุฉ - ุจุฌูุงุฑ ููุงูุฉ ุฃุจู ุฑูุฉ - ุฃูุงู ูุทุนู ุงูุฑุงุชุจ ุงูุดุงููย-ยุงูููุตูุฑุฉ', 'ุทุนุงู', 'https://encrypted-tbn0.gstatic.com/images?q=tbn:ANd9GcSmcZovCdKv4L5bjtFObGape8zZpqF-XuN7nA&s', '100 ุฅูู 500 ุฌููู', ''),
(55, 'ููุชุจุฉ ุงูุงุณููุฏุฑูุฉ', 3, 4, '150', 'ููุชุจุฉ ุงูุฅุณููุฏุฑูุฉ ูู ููุชุจุฉ ุชุงุฑูุฎูุฉ ูุฃุชู ุงูููุง ุงูุณูุงุญ ูู ุฌููุน ุฃูุญุงุก ุงูุนุงูู', 4.6, 'ุงูุฅุณููุฏุฑูุฉ ุงูุงุฒุงุฑูุทูุ ุงูุดุงุทุจู ูุณู ุจุงุจ ุดุฑูู', 'ุณูุงุญู', 'https://media.gemini.media/img/large/2017/9/19/2017_9_19_11_41_17_36.jpg', '100 ุฅูู 500 ุฌููู', ''),
(56, 'ูุทุนู ููููู', 4, 1, '50', 'ุฃูู ุดุงูุฑูุง ุชูุฏูุฑู ูู ูุตุฑ ุฃุฌูุงุก ุงูุฅุฌุงุฒู ู ุงูุฎุฑูุฌู ุงููู ูุชุชูุณูุด ูู ุงููู ุจุชููู ูุน ูููููู', 4.5, 'ุดุงุฑุน ุงูุงุณุชุงุฏ, ุฃุณูู ูุณุชุดูู ููุงูู', 'ุทุนุงู', 'https://encrypted-tbn0.gstatic.com/images?q=tbn:ANd9GcTtx-Zn-qt5_fcs6Aa91x-S0F99af5yz4uRkA&s', 'ุฃูู ูู 100 ุฌููู', ''),
(57, 'ูุทุนู ูุฑู ุงูุญูุงู', 4, 1, '100', 'ูุทุนู ูุฑู ุงูุญูุงู ูููุดููุงุช ููุฏู ุฃุดูู ุงูุฃููุงุช ุงูุดุฑููุฉ ุงููุดููุงุช ุงูุทูุงุฌูุ ูุงูุญูุงู ุจุฃุตุงูุฉ ุงููุฐุงู ุงูุดุฑูู. ููุนุฏ ูู ุฃูุถู ุงููุทุงุนู ูู ุงููุงูุฑุฉ ุงูุฅุณููุฏุฑูุฉ ูุทูุทุงุ ุญูุซ ูุญุฑุต ุนูู ุชูุฏูู ุฌูุฏุฉ ุนุงููุฉ ูุชุฌุฑุจุฉ ูุฑูุฏุฉ ูุนุดุงู ุงูุงูู ุงูุดุฑููยูุงููุดููุงุช.', 4.5, 'ูู_ 91 ุทุฑูู ุงุณููุฏุฑูุฉ ุงููุงูุฑุฉ ุงูุฒุฑุงุนู, ุทูุทุง ุงูุบุฑุจูุฉ', 'ุทุนุงู', 'https://encrypted-tbn0.gstatic.com/images?q=tbn:ANd9GcQEquuXY0cIV3_5RcPy7kANrPINF9l7yVH21g&s', '100 ุฅูู 500 ุฌููู', ''),
(58, 'ูุดููุงุช ุงููุทููุฉ', 4, 1, '200', '', 4.3, 'ุงูุฌูุดุ ุทูุทุง (ูุณู 2)ุ ูุฑูุฒ ุทูุทุงุ ูุญุงูุธุฉ', 'ุทุนุงู', 'https://encrypted-tbn0.gstatic.com/images?q=tbn:ANd9GcTqGFpeKDP9CdP5PVT3Fp-ThT1KtQTFwY9SsQ&s', '100 ุฅูู 500 ุฌููู', ''),
(59, 'ูุทุนู ุดููุชุฑ(house of cheese)', 2, 1, '135', 'ูุทุนู ุดููุชุฑ ูู ุฃุญุฏ ูุทุงุนู ุดุงุฑุน ุงูุฌุงูุนุฉ ุงููููุฒุฉ ุฎุงุตุฉ ููุญุจู ุงูุจุฑุฌุฑ ุงูุบูู ุจุงูุตูุตุงุช ุจูุฌู ุนุงู ูุนุดุงู ุตูุต ุงูุดูุฏุฑ ุงููุฐูุฐ ุจุดูู ุฎุงุตุ ููุฏ ุญุงุฒ ุงููุทุนู ุนูู ุชูููู 4 ูุฌูู ุนูู ุฌูุฌู ูุฃุบูุจ ุงูุชุนูููุงุช ุนู ุงูุฎุฏูุฉ ูุงูุทุนุงู ูุงูููุงู ุฅูุฌุงุจูุฉุ ููู ูุฐูู ูู ูุทุงุนู ุงูููุตูุฑุฉ ุงูุชู ููุตุญ ุจุชุฌุฑุจุชูุง ูู ุดุงุฑุน ุงูุฌุงูุนุฉ.\r\n', 4.0, 'ุญู ุงูุฌุงูุนุฉ - ูุณู ุซุงู ุงูููุตูุฑุฉ - ุฃุฎุฑ ุชูุงุทุน ุดุงุฑุน ุฌููุงู ุงูุณุงุฏุงุช ูุน ุดุงุฑุน ููุงูุฉ ุฃุจูุฑูุฉ.\r\n', 'ุทุนุงู', 'https://aqaryamasr.com/blog/wp-content/uploads/2023/12/image-8-e1701867309431.png', '100 ุฅูู 500 ุฌููู', ''),
(60, 'ูุทุนู Green ูููุฃูููุงุช ุงูุจุญุฑูุฉ', 2, 1, '100', 'ูุทุนู ุฌุฑูู ูุงุญุฏ ูู ุฃูุถู ูุทุงุนู ุงููุฃูููุงุช ุงูุจุญุฑูุฉ ุถูู ูุทุงุนู ุงูููุตูุฑุฉ ูุง ูู ุญู ุงูุฌุงูุนุฉ ูุญุฏู ูุงูุฐู ุญุงุฒ ุนูู ุชูููู 4,4 ูุฌูุฉ ููู ุชูููู ูุฑุชูุน ูุธุฑูุง ูุฌูุฏุฉ ูุง ููุฏูู ูู ุฃุตูุงู ูุชููุนุฉ ูุฌููุน ุฃููุงุน ุงูุฃุณูุงู ูุบูุฑูุง ูู ุงููุงุฆูุงุช ุงูุจุญุฑูุฉุ ูุนูู ุงูุฑุบู ูู ุตุบุฑ ูุณุงุญุฉ ุงูููุงู ุฅูุง ุฃูู ูููุฑ ุฃูุถู ุฎุฏูุฉ ูุฌูุฏุฉ ูุนููุงุฆู ุจุฃุณุนุงุฑ ุงูุชุตุงุฏูุฉ.', 4.4, 'ุญู ุงูุฌุงูุนุฉ - ุดุงุฑุน ุงููุฎูุฉ ุงูุฑุฆูุณู ูู ุงุชุฌุงู ุดุงุฑุน ุฃุฏุงุจ - ุฃูุงู ุจูู ูุงุตุฑ - ุงูููุตูุฑุฉ.\r\n', 'ุทุนุงู', 'https://aqaryamasr.com/blog/wp-content/uploads/2023/12/87855d58-20b7-4a52-9149-f7232dc030d6.jpg', '100 ุฅูู 500 ุฌููู', ''),
(61, 'ูุทุนู ุงูุตุจุงุญู ูููุดููุงุช\r\nูุงููุฃูููุงุช ุงูุจุญุฑูุฉ', 2, 1, '510', 'ุฅุฐุง ููุช ูู ูุญุจู ุงูุฃุณูุงู ูุงููุญูู ุงูุทุงุฒุฌุฉ ุจุงูุชุฃููุฏ ุณุชุณุชูุชุน ุจุชุฌุฑุจุฉ ุงูุทุนุงู ูู ูุทุนู ุตุจุงุญูุ ุญูุซ ูุชูุญ ุงููุทุนู ููุฒุฉ ุงุฎุชูุงุฑ ุงูุฃุณูุงู ูุงููุดุฑูุงุช ุงูุจุญุฑูุฉ ููู ุนููู ูุงุฎุชูุงุฑ ุดุจู ุทูููุงุ ููุง ุฃู ุฌููุน ุงููุญูู ุงููุณุชุฎุฏูุฉ ูู ุงููุดููุงุช ุชููู ุทุงุฒุฌุฉ ุบูุฑ ูุฌูุฏุฉุ ููุง ูุนุทู ุงูุทุนุงู ุฌูุฏุฉ ููุชุงุฒุฉ ูุชูุฑุฏุฉ ุนู ูุนุธู ูุทุงุนู ุงูููุตูุฑุฉ ุงูุฃุฎุฑู.', 4.2, 'ุชูุงุทุน ุดุงุฑุน ููุงุฉ ุงูุณููุณ ูุน ุดุงุฑุน ุฐูุฑ ุงููู\r\n,ุงูููุตูุฑุฉ.\r\n', 'ุทุนุงู', 'https://aqaryamasr.com/blog/wp-content/uploads/2023/12/108_509907188-1024x683.jpg', '500 ุฅูู 1000 ุฌููู', ''),
(62, 'ูุทุงุทุฑู ุงูุดุทูุฑุฉ ุงูุฏููุงุทู', 2, 1, '30', 'ุนูู ุงูุฑุบู ูู ุจุณุงุทุฉ ุงููุทุนู ูู ุญูุซ ุงูุชุตููู ูุงูุฎุฏูุงุช ุงูููุฏูุฉ ุฅุถุงูุฉ ุฅูู ููุงุนูุฏ ุนููู ุงููุญุฏุฏุฉ ุงูุชู ุชุจุฏุฃ ูู ุงูู 4 ุนุตุฑุงุ ุฅูุง ุฃูู ูู ุฃูุซุฑ ูุทุงุนู ุดุงุฑุน ููุงุฉ ุงูุณููุณ ุฅูุจุงูุง ูุฃุนูุงูุง ุชููููุง ููุง ููุฏูู ูู ูุทุงุฆุฑ ูุชููุนุฉ ุงูุฃุตูุงู ุนุงููุฉ ุงูุฌูุฏุฉ ูุจุฃุณุนุงุฑ ุงูุชุตุงุฏูุฉ.', 4.0, 'ูุงุฏู ุงููุงุตุฑูุฉ - ุดุงุฑุน ููุงุฉ ุงูุณููุณ\r\n,ุงูููุตูุฑุฉ.', 'ุทุนุงู', 'https://i.ytimg.com/vi/GrSPTA_HPxU/hqdefault.jpg', 'ุฃูู ูู 100 ุฌููู', ''),
(63, 'ูุทุนู ุงูุจุบู', 2, 1, '5', 'ูุทุงุนู ุงูุจุบู ุงููุจุฑู ูู ุฃุดูุฑ ูุทุงุนู ุงููุฃูููุงุช ุงูุดุนุจูุฉ ุงูููุชุดุฑุฉ ูู ูุนุธู ูุฏู ููุญุงูุธุงุช ูุตุฑ ูุจุฎุงุตุฉ ุงูุฏูุชุงุ ููุนุชุจุฑ ูุฑุน ุดุงุฑุน ููุงุฉ ุงูุณููุณ ุฃูุซุฑูุง ุฅูุจุงูุง ููุง ููุฏูู ูู ุฃุตูุงู ุดุฑููุฉ ุฃุตููุฉ ูุชููุนุฉ ุจุฃุณุนุงุฑ ุงูุชุตุงุฏูุฉ ููุบุงูุฉ ุชูุงุณุจ ุงููุฆุงุช ุงูุจุณูุทุฉ.', 4.0, 'ุดุงุฑุน ููุงุฉ ุงูุณููุณ - ุฃูุงู ูุคุณุณุฉ ุฃุจู ุงูุนุฒ\r\nููููุงููุงุช ุงูุนุงูุฉย-ยุงูููุตูุฑุฉ.', 'ุทุนุงู', 'https://1.bp.blogspot.com/-r7c2jcPDh74/Wc7yUHp8BrI/AAAAAAABwuw/1Q16HatNQgU0I3n8se8EDvOMvg-H8FZuwCK4BGAYYCw/s1600/IMG_9295-772698.jpg', 'ุฃูู ูู 100 ุฌููู', ''),
(64, 'ูุจุฏุฉ ุงูููุงุญ', 2, 1, '7 ุฅูู 50', 'ูู ุจูู ุงูููุงุทู ุงูุญูููุฉ ุงูุชู ุงุฎุชุงุฑูุง ูุทุนู ูุจุฏุฉ ุงูููุงุญ ุงูุดููุฑ ุจุงูุงุณููุฏุฑูุฉ ูุคุฎุฑูุง ููุชูุณุน ูู ูุฏู ููุญุงูุธุงุช ูุตุฑ ุงูุฃุฎุฑูุ ููุน ุงูุงุฎุชูุงุฑ ุนูู ูุฏููุฉ ุงูููุตูุฑุฉ ุชุญุฏูุฏูุง ุดุงุฑุน ููุงุฉ ุงูุณููุณุ ููุทุนู ูุจุฏุฉ ุงูููุงุญ ูู ุงููุทุงุนู ุงูุบููุฉ ุนู ุงูุชุนุฑูู ุงูุชู ุชูุฏู ุฃูุถู ุณูุฏูุชุดุงุช ุงููุจุฏุฉ ุงูุฅุณููุฏุฑุงูู ุจุฃุณุนุงุฑ ุงูุชุตุงุฏูุฉ.', 4.0, '24 ุดุงุฑุน ููุงุฉ ุงูุณููุณ ุงูุฑุฆูุณู ุจูู ุชูุงุทุนู ูู\r\nูู ุดุงุฑุน ุงูุดูุณยูุดุงุฑุนยุงูุนุฏูู.', 'ุทุนุงู', 'https://menu22.com/images/79522633_125661965557170_7656885734724337664_o.jpg', 'ุฃูู ูู 100 ุฌููู', ''),
(65, 'oriental grill ูุทุนู', 2, 1, '50', 'ูุทุนู \"ุฃูุฑููุชุงู ุฌุฑูู\" ูู ุงูููุตูุฑุฉ ููุฏู ูุฌููุนุฉ ูุชููุนุฉ ูู ุงููุดููุงุช ูุงูุฃุทุจุงู ุงูุดุฑููุฉ. ุชุจุฏุฃ ุฃุณุนุงุฑ ุงูุณูุฏููุชุดุงุช ูู 25 ุฌููููุง ูุตุฑููุงุ ูุซู ุณูุฏููุชุด ุงูุดูุด ุทุงููู. ุฃูุง ุงููุฌุจุงุช ุงููุงููุฉุ ูุชุจุฏุฃ ูู 85 ุฌููููุงุ ูุซู ูุตู ุฏุฌุงุฌุฉ ูุดููุฉ.', 4.0, '24 ุดุงุฑุน ุงูุฌูุด - ุจุฌูุงุฑ ุฌุงูุฌู ุจุงุฑู\r\n,ุงูููุตูุฑุฉ', 'ุทุนุงู', 'https://almusaafer.com/wp-content/uploads/2018/08/Tandoor_Grill9.jpeg', 'ุฃูู ูู 100 ุฌููู', ''),
(66, 'The Chef Hassan ElKhalili', 2, 1, '70 ุฅูู 1000', 'ูุทุนู \"ุฐุง ุดูู\" ูู ุงูููุตูุฑุฉุ ุงูุฐู ูุฏูุฑู ุงูุดูู ุญุณู ุงูุฎููููุ ููุฏู ูุฌููุนุฉ ูุชููุนุฉ ูู ุงูุฃุทุจุงู ุงูุดุฑููุฉ ูุงูุบุฑุจูุฉ. ุชุจุฏุฃ ุฃุณุนุงุฑ ุงูุณูุฏููุชุดุงุช ูู 74 ุฌููููุง ูุตุฑููุงุ ูุซู ุงูุณูุฏููุชุดุงุช ุงููุดููุฉ. ุฃูุง ุงููุฌุจุงุช ุงููุงููุฉุ ูุชุจุฏุฃ ูู 98 ุฌููููุงุ ูุซู ูุฌุจุฉ ุงูุดูุด ุทุงููู ูุน ุงูุฃุฑุฒ.', 4.5, 'ุดุงุฑุน ููุงุฉ ุงูุณููุณุ ุฃูุงู ูุณุชุดูู ุงูุฎูุฑ\r\nุงูููุตูุฑุฉ', 'ุทุนุงู', 'https://dynamic-media-cdn.tripadvisor.com/media/photo-o/21/05/5a/52/the-chef-hassan-elkhalilifood.jpg?w=900&h=500&s=1', '100 ุฅูู 500 ุฌููู', ''),
(67, 'ูุทุนู ุตุจุฑู ุฃููุฏู', 2, 1, '20', 'ูุทุนู ุตุจุฑู ุฃููุฏู ูู ุงูููุตูุฑุฉุ ุงููุงุฆู ูู ุญู ุงูุฌุงูุนุฉ ุฃุนูู ุจู ุงูุบุงููุ ููุฏู ูุฌููุนุฉ ูุชููุนุฉ ูู ุงููุดููุงุช ูุงูุทูุงุฌู ูุงููุญุงุดู. ูุชููุฒ ุงููุทุนู ุจุชุตูููู ุงูุชุฑุงุซู ุงูุฐู ูุนูุณ ุฃุฌูุงุก ูุตุฑ ุงููุฏููุฉ. ูุจุฏุฃ ุงูุนูู ูููููุง ูู ุงูุณุงุนุฉ 11 ุตุจุงุญูุง ุญุชู 3 ุตุจุงุญูุง. ', 4.0, 'ุงูุฏูุชูุฑ ูุงุฌู ุนุจุฏ ุงูุฑุงุฒู, ูุชูุฑุน ูู\r\nุฌููุงู ุงูุณุงุฏุงุช- ุงูููุตูุฑุฉุ ูุญุงูุธุฉ ุงูุฏููููุฉ ', 'ุทุนุงู', 'https://i.ytimg.com/vi/nX8RXX0vR9s/maxresdefault.jpg', 'ุฃูู ูู 100 ุฌููู', ''),
(68, 'ูุทุนู ุฃูู ุงูุดุงู', 2, 1, '30', 'ูุทุนู \"ุฃูู ุงูุดุงู\" ูู ุงูููุตูุฑุฉ ููุฏู ูุฌููุนุฉ ูุชููุนุฉ ูู ุงููุฃูููุงุช ุงูุดุงููุฉ ูุงููุตุฑูุฉ. ุชุจุฏุฃ ุฃุณุนุงุฑ ุงูุณูุฏููุชุดุงุช ูู 35 ุฌููููุง ูุตุฑููุงุ ูุซู ุณูุฏููุชุด ุงูุดุงูุฑูุง ุฑูู. ุฃูุง ุงููุฌุจุงุช ุงููุงููุฉุ ูุชุจุฏุฃ ูู 60 ุฌููููุงุ ูุซู ูุฌุจุฉ ุงูุดุงูุฑูุง ุงูุนุฑุจูุฉ.', 4.5, 'ุดุงุฑุน ุงูุชุฑุนุฉุ ููุงุจู ุงูุฏูุงุน ุงููุฏููุ\r\nุงูููุตูุฑุฉุ ุงูุฏููููุฉ', 'ุทุนุงู', 'https://kblat.net/wp-content/uploads/2019/11/2897-11.jpg', 'ุฃูู ูู 100 ุฌููู', ''),
(69, 'ูุทุนู ุฎูุณุฉ ุจุงุจ', 2, 1, '25', 'ูุทุนู \"ุฎูุณุฉ ุจุงุจ\" ูู ุงูููุตูุฑุฉุ ุงููุงุฆู ูู ุดุงุฑุน ุงููุดุงูุฉ ุจุฌูุงุฑ ูุงุฏู ุงูุญูุงุฑ ููุฃูุนุงุจ ุงูุฑูุงุถูุฉุ ููุนุชุจุฑ ูู ุฃุจุฑุฒ ุงููุทุงุนู ูู ุงูููุทูุฉ. ููุฏู ูุฌููุนุฉ ูุชููุนุฉ ูู ุงููุฌุจุงุช ุงูุณุฑูุนุฉ ูุซู ุงูุจุฑุฌุฑุ ุงูุดุงูุฑูุงุ ูุงูุจูุชุฒุงุ ุจุงูุฅุถุงูุฉ ุฅูู ุงูุญูููุงุช ูุงููุดุฑูุจุงุช. ูุชููุฒ ุงููุทุนู ุจุชุตูููู ุงูุนุตุฑู ูุงููุฑูุญุ ููุง ูุฌุนูู ูุฌูุฉ ููุถูุฉ ููุนุฏูุฏ ูู ุงูุฒุจุงุฆู.', 4.0, 'ุดุงุฑุน ุงููุดุงูุฉ ุจุฌูุงุฑ ูุงุฏู ุงูุญูุงุฑ ููุฃูุนุงุจ\r\nุงูุฑูุงุถูุฉ, ุงูููุตูุฑุฉ', 'ุทุนุงู', 'https://i.ytimg.com/vi/loS6lYovAoY/maxresdefault.jpg', 'ุฃูู ูู 100 ุฌููู', ''),
(70, 'ูุทุนู ุจุฑููุฑ', 2, 1, '60', 'ูุชููุฒ \"ุจุฑููุฑ\" ุจุชุตููู ุนุตุฑู ููุฑูุญุ ูุน ุฎุฏูุฉ ุณุฑูุนุฉ ูุทุงูู ุนูู ูุฏูุฏ. ููุนุชุจุฑ ูุฌูุฉ ููุถูุฉ ููุนุฏูุฏ ูู ุงูุฒุจุงุฆู ูู ุงูููุตูุฑุฉ.', 4.8, 'ุดุงุฑุน ุฌููุงู ุงูุณุงุฏุงุช ุจุฌูุงุฑ ุตูุฏููุงุช\r\nุงูุทุฑุดูุจู, ุงูููุตูุฑุฉ', 'ุทุนุงู', 'https://www.foodtodayeg.com/Content/Upload/large/4202313125118839864881.jpg', 'ุฃูู ูู 100 ุฌููู', ''),
(71, 'ูุทุนู ุทุจุงูู', 1, 1, '60 ุฅูู 400', 'ููุฏู ุชุฌุฑุจุฉ ุทุนุงู ูุฑูุฏุฉ ูู ููุนูุง ุชูุจู ุฌููุน ุงูุฃุฐูุงู ูุงูุฑุบุจุงุช. ูุญุชูู ุงููููู ุนูู ูุฌููุนุฉ ูุชููุนุฉ ูู ุงูุฃุทุจุงู ุงูุฑุฆูุณูุฉ ุงูุชู ุชุดูู ุงูุฏุฌุงุฌุ ุงููุญููุ ูุงููุฃูููุงุช ุงูุจุญุฑูุฉุ ููุง ูุชูุญ ููุนููุงุก ุงูุงุฎุชูุงุฑ ูู ุจูู ุฃุดูู ุงููุตูุงุช ุงููุญุถุฑุฉ ุจุนูุงูุฉ.', 4.2, '18 ุดุงุฑุน ูุฒูู ุฎูููุฉุ ุงูููุฑุจุฉุ ูุตุฑ\r\nุงูุฌุฏูุฏุฉุ ุงููุงูุฑุฉ', 'ุทุนุงู', 'https://www.egyptmenus.org/wp-content/uploads/2024/09/%D9%85%D9%86%D9%8A%D9%88-%D8%B7%D8%A8%D8%A7%D9%84%D9%8A-1.webp', 'ุฃูู ูู 100 ุฌููู', ''),
(72, 'ูุทุนู ููููุฉ', 1, 1, '7 ุฅูู 50', 'ูุทุนู \"ููููุฉ\" ูู ูุณุท ุงูุจูุฏุ ุงููุงุฆู ูู 15 ุดุงุฑุน ุทูุนุช ุญุฑุจุ ููุนุชุจุฑ ูู ุฃุจุฑุฒ ุงููุทุงุนู ุงููุตุฑูุฉ ุงูุชูููุฏูุฉ. ููุฏู ูุฌููุนุฉ ูุชููุนุฉ ูู ุงูุฃุทุจุงู ุงููุตุฑูุฉ ุงูุฃุตููุฉ ูุซู ุงูููู ูุงูุทุนููุฉ ูุงูุญูุต. ูุชููุฒ ุงููุทุนู ุจุชุตูููู ุงูุจุณูุท ูุงููุฑูุญุ ููุง ูุฌุนูู ูุฌูุฉ ููุถูุฉ ููุนุฏูุฏ ูู ุงูุฒุจุงุฆู.', 4.3, 'ููุน ุงููุทุนู ูู 15 ุดุงุฑุน ุทูุนุช ุญุฑุจุ\r\nูุณุท ุงูุจูุฏุ ุงููุงูุฑุฉ.', 'ุทุนุงู', 'https://cafesriyadh.com/wp-content/uploads/2020/10/%D9%85%D8%B7%D8%B9%D9%85-%D9%81%D9%84%D9%81%D9%84%D8%A9-%D8%A7%D9%84%D9%81%D9%84%D8%A7%D9%81%D9%84.-576x1024.jpg', 'ุฃูู ูู 100 ุฌููู', ''),
(73, 'ูุทุนู ุงููุฒุงุฒ', 1, 1, '10 ุฅูู 150', 'ูุชููุฒ \"ุงููุฒุงุฒ\" ุจุชุตูููู ุงูุจุณูุท ูุงููุฑูุญุ ููุง ูุฌุนูู ูุฌูุฉ ููุถูุฉ ููุนุฏูุฏ ูู ุงูุฒุจุงุฆู.', 4.2, 'ููุน ุงููุทุนู ูู 38 ุดุงุฑุน ุตุจุฑู ุฃุจู ุนููุ ูุชูุฑุน\r\nูู ููุฏุงู ุทูุนุช ุญุฑุจุ ูุณุท ุงูุจูุฏุ ุงููุงูุฑุฉ.', 'ุทุนุงู', 'https://www.arabtravelers.com/wp-content/uploads/2023/05/Kazaz-Restaurant-Cairo.jpg', 'ุฃูู ูู 100 ุฌููู', ''),
(74, 'ูุทุนู ุงูุฏูุงู', 1, 1, '30 ุฅูู 200', 'ููุนุชุจุฑ ูู ุฃุจุฑุฒ ุงููุทุงุนู ุงููุชุฎุตุตุฉ ูู ุงููุดููุงุช ูุงูุฃุทุจุงู ุงููุตุฑูุฉ ุงูุชูููุฏูุฉ. ููุฏู ูุฌููุนุฉ ูุชููุนุฉ ูู ุงููุดููุงุช ูุซู ุงููุจุงุจุ ุงูููุชุฉุ ูุงูุดูุด ุทุงูููุ ุจุงูุฅุถุงูุฉ ุฅูู ุงูุทูุงุฌู ูุงูุฃุทุจุงู ุงูุฌุงูุจูุฉ.\r\nูุชููุฒ \"ุงูุฏูุงู\" ุจุชุตูููู ุงูุจุณูุท ูุงููุฑูุญุ ููุง ูุฌุนูู ูุฌูุฉ ููุถูุฉ ููุนุฏูุฏ ูู ุงูุฒุจุงุฆู.', 3.5, 'ููุน ุงููุทุนู ูู 52 ุดุงุฑุน 26 ูููููุ\r\nูุณุท ุงูุจูุฏุ ุงููุงูุฑุฉ.', 'ุทุนุงู', 'https://media-cdn.tripadvisor.com/media/photo-s/10/20/ec/f0/photo.jpg', 'ุฃูู ูู 100 ุฌููู', ''),
(75, 'ูุทุนู ุญูุงูุดู ุงูุฑูุงุนู', 1, 1, '20 ุฅูู 500', 'ููุนุชุจุฑ ูู ุฃุจุฑุฒ ุงููุทุงุนู ุงููุชุฎุตุตุฉ ูู ุงูุญูุงูุดู. ููุฏู ูุฌููุนุฉ ูุชููุนุฉ ูู ุงูุญูุงูุดู ูุซู ุงูุณุงุฏุฉุ ุงูุฌุจูุฉุ ุงูุณุฌูุ ูุงูุจุณุทุฑูุฉ. ูุชููุฒ ุงููุทุนู ุจุฌู ุจุณูุท ููุฑูุญุ ููุง ูุฌุนูู ูุฌูุฉ ููุถูุฉ ููุนุฏูุฏ ูู ุงูุฒุจุงุฆู.', 4.6, 'ููุน ุงููุทุนู ูู 87 ุดุงุฑุน ุงูุดูุฎ ุฑูุญุงูุ ุนุงุจุฏููุ\r\nูุณุท ุงูุจูุฏุ ุงููุงูุฑุฉ', 'ุทุนุงู', 'https://menu22.com/images/67108875_920891351610377_8075469596670296064_o.jpg', 'ุฃูู ูู 100 ุฌููู', ''),
(76, 'ูุทุนู ุนูุด ูููุญ', 1, 1, '40 ุฅูู 200', ' ููุนุชุจุฑ ูู ุฃุจุฑุฒ ุงููุทุงุนู ุงูุฅูุทุงููุฉ ูู ุงูููุทูุฉ. ููุฏู ูุฌููุนุฉ ูุชููุนุฉ ูู ุงูุฃุทุจุงู ุงูุฅูุทุงููุฉ ุงูุชูููุฏูุฉ ูุซู ุงูุจูุชุฒุงุ ุงูููุฑููุฉุ ูุงูุฑูุฒูุชู. ูุชููุฒ ุงููุทุนู ุจุชุตูููู ุงูุนุตุฑู ูุงููุฑูุญุ ููุง ูุฌุนูู ูุฌูุฉ ููุถูุฉ ููุนุฏูุฏ ูู ุงูุฒุจุงุฆู.', 4.0, 'ููุน ุงููุทุนู ูู 20 ุดุงุฑุน ุนุฏููุ ูุณุท\r\nุงูุจูุฏุ ุงููุงูุฑุฉ', 'ุทุนุงู', 'https://blogger.googleusercontent.com/img/a/AVvXsEjQCM-gH6XbZVTPhVJtWqYfw_YFEGXcJFo2ajKFtEEaA067pgKnGFHlXKzvIyh0ni5-2Q5LzJYkmGROT3XOsZQF-AJQr7_TcFv-vhJ9R-2yGFILC-pfUKYahFWx3ICLe0x1Qs5rmWVEBk27PvhcdvHYuE1pfcUDv1eGAaxY3hkk40KN1R6iIinDJIMtRg=s16000-rw', 'ุฃูู ูู 100 ุฌููู', ''),
(77, 'ูุทุนู ุขุฎุฑ ุณุงุนุฉ', 1, 1, '10 ุฅูู 100', 'ููุนุชุจุฑ ูู ุฃุจุฑุฒ ุงููุทุงุนู ุงููุชุฎุตุตุฉ ูู ุงููุฃูููุงุช ุงูุดุนุจูุฉ ุงููุตุฑูุฉ. ููุฏู ูุฌููุนุฉ ูุชููุนุฉ ูู ุงูุฃุทุจุงู ูุซู ุงููููุ ุงูุทุนููุฉุ ุงูููุงููุ ุจุงูุฅุถุงูุฉ ุฅูู ุงูุณูุฏููุชุดุงุช ุงูุบุฑุจูุฉ ูุซู ุงูุจุฑุฌุฑุ ุงูุดุงูุฑูุงุ ูุงูุดูุด ุทุงููู.', 4.5, 'ููุน ุงููุทุนู ูู 31 ุดุงุฑุน 26 ูููููุ ูุณุท\r\nุงูุจูุฏุ ุงููุงูุฑุฉ', 'ุทุนุงู', 'https://1.bp.blogspot.com/-_oVenps-vzM/YUn7JhgrVlI/AAAAAAAAILA/GJ8Va6T3Vr0GRb9CKOOF9i7DMkQ0PeBYgCNcBGAsYHQ/w1200-h630-p-k-no-nu/%25D9%2585%25D9%2586%25D9%258A%25D9%2588-%25D8%25A7%25D8%25AE%25D8%25B1-%25D8%25B3%25D8%25A7%25D8%25B9%25D8%25A9.jpg', 'ุฃูู ูู 100 ุฌููู', ''),
(78, 'ูุทุนู ุงูุญุจุงุฑ', 1, 1, '20 ุฅูู 400', 'ููุนุชุจุฑ ูู ุฃุจุฑุฒ ุงููุทุงุนู ุงููุชุฎุตุตุฉ ูู ุงููุฃูููุงุช ุงูุจุญุฑูุฉ. ููุฏู ูุฌููุนุฉ ูุชููุนุฉ ูู ุงูุฃุทุจุงู ุงูุจุญุฑูุฉ ูุซู ุงูุณูู ุงููุดููุ ุงูุฌูุจุฑูุ ูุงูุญุจุงุฑ.\r\nูุชููุฒ \"ุงูุญุจุงุฑ\" ุจุชุตูููู ุงูุจุณูุท ูุงููุฑูุญุ ููุง ูุฌุนูู ูุฌูุฉ ููุถูุฉ ูุนุดุงู ุงููุฃูููุงุช ุงูุจุญุฑูุฉ ูู ุงูููุทูุฉ.', 4.0, 'ููุน ุงููุทุนู ูู 9 ุดุงุฑุน ุนุฏููุ ูุณุท\r\nุงูุจูุฏุ ุงููุงูุฑุฉ', 'ุทุนุงู', 'https://th.bing.com/th/id/OIP.kklrtdz2ctGBmQXGzrRiVgHaDv?rs=1&pid=ImgDetMain', 'ุฃูู ูู 100 ุฌููู', ''),
(79, 'ูุทุนู ุชูู ุขูุฏ ุจุตู', 1, 1, '25 ุฅูู 150', 'ููุนุชุจุฑ ูู ุฃุจุฑุฒ ุงููุทุงุนู ุงููุชุฎุตุตุฉ ูู ุงููุดุฑู ูุงููุทุงุฆุฑ ูุงูุจูุชุฒุง ุงูุดุฑููุฉ. ูุชููุฒ ุงููุทุนู ุจุชุตูููู ุงูุจุณูุท ูุงููุฑูุญุ ููุง ูุฌุนูู ูุฌูุฉ ููุถูุฉ ููุนุฏูุฏ ูู ุงูุฒุจุงุฆู.', 3.6, 'ููุน ุงููุทุนู ูู 8 ุดุงุฑุน ุทูุนุช ุญุฑุจุ ูุณุท\r\nุงูุจูุฏุ ุงููุงูุฑุฉ', 'ุทุนุงู', 'https://menu22.com/images/100479957_115568253498275_3200284628803911680_o-scaled.jpg', 'ุฃูู ูู 100 ุฌููู', ''),
(80, 'ูุทุนู ููุด ุฃูุฏ ุดูุจุณ', 1, 1, '25 ุฅูู 500', 'ูุนุชุจุฑ ูู ุฃุจุฑุฒ ุงููุทุงุนู ุงููุชุฎุตุตุฉ ูู ุงููุฃูููุงุช ุงูุจุญุฑูุฉ. ูุชููุฒ ุงููุทุนู ุจุชุตูููู ุงูุจุณูุท ูุงููุฑูุญุ ููุง ูุฌุนูู ูุฌูุฉ ููุถูุฉ ููุนุฏูุฏ ูู ุงูุฒุจุงุฆู.', 4.8, 'ููุน ุงููุทุนู ูู 37 ุดุงุฑุน ุงูุจุณุชุงูุ ุจุงุจ\r\nุงููููุ ุงููุงูุฑุฉ', 'ุทุนุงู', 'https://cafetamara.co.il/wp-content/uploads/2020/08/fish_and_chips.jpg', 'ุฃูู ูู 100 ุฌููู', ''),
(81, 'ููุงูู ุงูููุงูู', 1, 2, '125 ุฅูู 700', 'ุฃุตุจุญุช ููุงูู ุงูููุงูู ูุญูุฑ ุงูุชูุงู ุงูุนุฏูุฏ ูู ุงูุนุงุฆูุงุช ููุฌููุนุงุช ุงูุฃุตุฏูุงุก ูุถูุงู ุนู ููููุง ูู ุฃูุถู ููุงูู ููุงุทูุงู ูู ุงููุงูุฑุฉ ูู ุงูุขููุฉ ุงูุฃุฎูุฑุฉ.\r\nููุง ุชุนุฏ ูู ุฃูุจุฑ ูุฃุฌุฏุฏ ุงูููุงูู ูู ุงููุงูุฑุฉ ุญุงูููุงุ ูุถูุงู ุนู ุชููุน ุงูุฃูุนุงุจ ุงูููุฌูุฏุฉ ุจูุง ูุฌูุฏุชูุง ูุชูุณูููุง ูุนุฏุฉ ูุฑุงุญู ูู ุงูุฎุทูุฑุฉุ ูู ุชูุงุณุจ ุฌููุน ุงูุฃุนูุงุฑ.\r\nููุงุญุธุฉ:ุงูุฃุทูุงู ุฏูู ุณู 3 ุณููุงุช ุงูุฏุฎูู ูุฌุงููุง.', 3.6, 'District5,ุทุฑูู ุงูุนูู ุงูุณุฎูุฉ โ ุงููุทุงููุฉุ\r\nุงูุชุฌูุนุ ุงููุงูุฑุฉ ุงูุฌุฏูุฏุฉ ', 'ุชุฑููู', 'https://www.propertyfinder.eg/blog/wp-content/uploads/2024/01/shutterstock_1647454498-1.jpg.webp', '100 ุฅูู 500 ุฌููู', ''),
(82, 'ุงูุณูุฑู ุงููููู', 1, 2, '75 ุฅูู 150', 'ููุซู ุงูุณูุฑู ุงููููู ูุงุญุฏูุง ูู ุฃูุถู ุงูุงูู ุงูุฎุฑูุฌ ูู ุงููุงูุฑุฉุ ุญูุซ ูุนุฑุถ ุชุดูููุฉ ูุงุณุนุฉ ูู ุงููุนุงููุงุช ุงูุชุฑููููุฉ ุงูุชู ุชุฌุฐุจ ุงูุฒูุงุฑ ูู ุฌููุน ุงูุฃุนูุงุฑ. ูุชููุฒ ุจุชูุฏูู ูุฌููุนุฉ ูุชููุนุฉ ูู ุงูุฃูุดุทุฉุ ุจูุง ูู ุฐูู ุนุฑูุถ ุงูุณุญุฑุ ูููุฑุงุช ุชุฑููุถ ุงูุฃุณูุฏุ ูุง ูุฌุนูู ููุงููุง ูุซุงูููุง ููุถุงุก ููุช ููุชุน.', 3.6, 'ูุณุฑุญ ุงูุจุงูููุ ููุฑููุด ุงููููุ ุงูุนุฌูุฒุฉุ ุงููุงูุฑุฉ', 'ุชุฑููู', 'https://english.cambodiadaily.com/wp-content/uploads/2015/01/cam-photo-circus-696x464.jpg', 'ุฃูู ูู 100 ุฌููู', ''),
(83, 'ููุฏุฒ ุฃุฑุช ุฌุฑุงููุฏ \r\n(Woods Artground)', 1, 2, '100', 'ุฅุฐุง ููุช ุชุชูุงุฌุฏ ุจุงููุฑุจ ูู ูุตุฑ ุงูุฌุฏูุฏุฉ ูุชุจุญุซ ุนู ูุบุงูุฑุงุช ูุฑูุฏุฉ ูู ุงูุงูู ุฎุฑูุฌุงุช ุงููุงูุฑุฉุ ููุชุฑุญ ุนููู ุฒูุงุฑุฉ โููุฏุฒ ุฃุฑุช ุฌุฑุงููุฏโุ ููู ูุฑูุฒ ููู ููุฏู ุชุฌุฑุจุฉ ุบููุฉ ูููุจุงุฑ ูุงูุฃุทูุงู ุนูู ุญุฏ ุณูุงุก ูุงูุชุดุงู ููุงูุจูู ุงููููุฉ ุจุทุฑููุฉ ูุณููุฉ ูุชุนููููุฉ ูู ุขู ูุงุญุฏ,ูุฐุง ุงูููุงู ูุซุงูู ููุถุงุก ููุช ููุชุน ูุชุนูููู ูุน ุงูุนุงุฆูุฉุ ุญูุซ ูุชูุญ ุงููุฑุตุฉ ููุฃุทูุงู ูุงูุนุงุฆูุงุช ูุนูุง ูุงูุชุดุงู ูููููู ุงููููุฉ ูู ุฎูุงู ูุฎุชูู ุงูุฃูุดุทุฉ.', 4.0, 'ุญุฏููุฉ ุงูููุฑููุงูุฏุ ุงูููุชุฒูุ ูุตุฑ ุงูุฌุฏูุฏุฉ', 'ุชุฑููู', 'https://www.the360mag.com/wp-content/uploads/2019/08/Splash-house4-600x600.jpg', '100 ุฅูู 500 ุฌููู', ''),
(84, 'ุฌุฒูุฑุฉ ุงููุนุงุฏู', 1, 2, '35 ุฅูู 50', 'ูุง ุชูุชุตุฑ ุฌุฒูุฑุฉ ุงููุนุงุฏู ุนูู ููููุง ูู ุงูุงูู ุฎุฑูุฌุงุช ุนุงุฆููุฉ ูู ุงููุงูุฑุฉ ููุทุ ุจู ูู ุฃูุถูุง ุชูุงุณุจ ุฌููุน ุงููุฆุงุช ุงูุนูุฑูุฉุ ูุฌุฒูุฑุฉ ุงููุนุงุฏู ุตุฑุญ ุชุฑูููู ุถุฎู ูู ููุจ ููุฑ ุงูููู ูุดูู ุนุดุฑุงุช ุงููุฑุงูู ุงูุชุฑููููุฉ.\r\nูููุง ูุฌุฏุฑ ุจูุง ุฐูุฑู ุงูุขู ูู ุฃุจุฑุฒ ุงูุฃูุดุทุฉ ุงูุชู ูููู ููุงุฑุณุชูุง ุนูุฏ ุงูุฐูุงุจ ุฅูู ุชูู ุงูุฌุฒูุฑุฉุ ูุณูุนุฑุถูุง ูููุง ููู:\r\nุงููุฒูู ุฅูู ุญูุงูุงุช ุงูุณุจุงุญุฉ\r\nุงููุจูุช ูู ุดุงูููุงุช ุงูุฌุฒูุฑุฉ\r\nุฏุฎูู ุงูุฃูุนุงุจ ุงููุงุฆูุฉ ุนูุฏ ุงููุณุงุจุญ\r\nุชูุงูู ุงูุบุฏุงุก ูู ุงููุทุงุนู ุงูุฑุงููุฉ ุนูู ููุฑ ุงูููู\r\nุงูุงุดุชุฑุงู ูู ุงูุฃูุนุงุจ ุงูููุฑุจุงุฆูุฉ ูุซู ูุนุจุฉ ุงูุณูุงุฑุงุช\r\nูุดุงูุฏุฉ ุงูุนุฑูุถ ุงููุฎุชููุฉ ูู ุงููุณุฑุญ ุงููุจูุฑ\r\nุงูุชูุฒู ูู ุงูููุฑุงุช ุงูุฎุถุฑุงุก ุฏุงุฎู ูุดุชู ุนุตููุฑ ุงูุฌูุฉ', 3.8, 'ุดุงุฑุน ููุฑููุด ุงููููุ ุงููุนุงุฏู', 'ุชุฑููู', 'https://aqaryamasr.com/blog/wp-content/uploads/2022/08/189600900_4731962380151611_7171520763886648713_n.jpg', 'ุฃูู ูู 100 ุฌููู', ''),
(85, 'ูุงูููู ูุงูุฏ\r\n(Family Land)', 1, 2, '20 ุฅูู 50', 'ุชุญุธู ูุงูููู ูุงูุฏ ุจุดุนุจูุฉ ูุจูุฑุฉ ุจูู ุงููุตุฑููู ููุง ุชููุฑู ูู ุฃูุนุงุจ ููุชุนุฉ ููุฃุทูุงูุ ูุซู: ุงูุจููููุฌุ ูุงูุชุฒูุฌ ุนูู ุงูุฌููุฏุ ููุนุจ ุงูุจููุงุฑุฏูุ ูุฃูุนุงุจ ุงูููุฏูู ุฌููุ ูุฐูู ูู ูู ุฃุดูุฑ ุงูุงูู ุงูุฎุฑูุฌ ููุงุทูุงู ูู ุงููุงูุฑุฉ ุนุงูุฉูุ ููู ุงููุนุงุฏู ุนูู ูุฌู ุงูุฎุตูุต.', 3.6, '11 ุงุจุฑุงุฌ ุนุซูุงูุ ุงููุนุงุฏูุ ุงููุงูุฑุฉ', 'ุชุฑููู', 'https://www.propertyfinder.eg/blog/wp-content/uploads/2022/06/2.-%D9%81%D8%A7%D9%85%D9%8A%D9%84%D9%8A-%D9%84%D8%A7%D9%86%D8%AF-.jpeg', 'ุฃูู ูู 100 ุฌููู', ''),
(86, 'ููุฏุฒ ุณุชูุดู\r\n(Kids Station)', 1, 1, '150 ุฅูู 400', 'ูุซูุฑูุง ูุง ูุจุญุซ ุงูุขุจุงุก ูุงูุฃููุงุช ุนู ุฃูุงูู ูุชุฑู ุฃุทูุงููู ุจูุง ุจูููุง ูุณุชูุชุนูู ุจููุจู ูู ุงููููุฉ ุฃู ูุฌุจุฉ ุณุงุฎูุฉุ ูุฐุง ุชุญุฏูุฏูุง ูุง ููุชุธุฑู ูู ููุฏุฒ ุณุชูุดูุ ููุฐุง ุงูููุงู ูุชุถูู ุชุดูููุฉ ูููุฒุฉ ูุฃูุนุงุจ ุงูุฃุทูุงู ูู ุณู ุดููุฑ ุญุชู 12 ุนุงูุ ููุง ููุฌุฏ ุฃูุถูุง ููุงู ุงูุชุธุงุฑ ููุขุจุงุก,ูููู ุชููู ูุทูุฆููุง ุนูู ุตุบุงุฑูุ ูุญุฑุต ุงูุนุงูููู ููุงู ุนูู ุชุนููู ุงูููุงู ุจุตูุฑุฉ ุฏูุฑูุฉ ูุถูุงู ุณูุงูุฉ ุงูุฃุทูุงู ูุงูุฃูุงูู.', 3.6, '6 ุจุฑุฌ ุงูุฌูุงูุ ุงูุดุทุฑ ุงูุณุงุฏุณุ ุฒูุฑุงุก ุงููุนุงุฏู', 'ุชุฑููู', 'https://www.propertyfinder.eg/blog/wp-content/uploads/2022/06/4.-%D9%83%D9%8A%D8%AF%D8%B2-%D8%B3%D8%AA%D9%8A%D8%B4%D9%86-.png', '100 ุฅูู 500 ุฌููู', ''),
(87, 'ุจููุงุจู', 1, 2, '100 ุฅูู 200', 'ุนูุฑู ุจููุงุจู ุจุงูููุงู ุงููุซุงูู ูุณูุงู ุงููุนุงุฏูุ ูุฃุญุฏ ุฃูุถู ุงูุงูู ุฎุฑูุฌ ููุงุทูุงู ุจุงููุงูุฑุฉ. ููุธู ุจููุงุจู ูุฎุชูู ุงูุญููุงุช ูุฃุนูุงุฏ ุงููููุงุฏ ููุฃุทูุงูุ ููุง ูุญุชูู ุนูู ูุฌููุนุฉ ุฃูุดุทุฉ ูุฃูุนุงุจ ุฑุงุฆุนุฉ ููุฃุทูุงู ูู ุงูููุงุก ุงูุทููุ ูู ุฃุจุฑุฒูุง: ููุนุจ ุงูุตุงุจููุ ูุงูููุงููุ ูุงูุชุฑุงูุจูููู.', 3.8, '3 ุฃ ุดุงุฑุน 213ุ ูุชูุฑุน ูู ููุฏุงู ูููุชูุฑูุงุ\r\nุงููุนุงุฏู', 'ุชุฑููู', 'https://www.propertyfinder.eg/blog/wp-content/uploads/2022/06/5.-%D8%A8%D9%8A%D9%83%D8%A7%D8%A8%D9%88-.jpeg', '100 ุฅูู 500 ุฌููู', ''),
(88, 'ูุงูููู ุจุงุฑู\r\n(ุญุฏููุฉ ุงูุฃุณุฑุฉ)', 1, 2, '150 ุฅูู 250', 'ูุงูููู ุจุงุฑู ูู ุงูุถู ุงูุงูู ุฎุฑูุฌ ููุงุทูุงู ูู ุงููุงูุฑุฉ ุญูุซ ุชุชููู ูู ุญุฏููุฉ ุถุฎูุฉ ุชุณูุญ ููุตุบุงุฑ ุจุงููุนุจ ูุงูุฑูุถ ูู ุฃูุญุงุฆูุง ุจูู ุญุฑูุฉุ ููุง ุชุถู ุฃูุถูุง ุนุฏุฏ ูุจูุฑ ูู ุงูุฃูุดุทุฉ ุงูุชุฑููููุฉ ูุซู ุงูููุฑ ุงูุณุญุฑูุ ูุญุฏููุฉ ุงูุญููุงูุ ูุงูุณูุงุฑูุ ูุงูููุงุนุจ ุงูููุชูุญุฉุ ูุงููุฑุงูุฒ ุงูุซูุงููุฉุ ูุงููุทุงุนู.', 4.0, 'ุทุฑูู ุงูุณููุณุ ุจุงููุฑุจ ูู ูุฏุฎู ุงูุฑุญุงุจ 2', 'ุชุฑููู', 'https://www.propertyfinder.eg/blog/wp-content/uploads/2022/06/%D9%81%D8%A7%D9%85%D9%8A%D9%84%D9%8A-%D8%A8%D8%A7%D8%B1%D9%83-800x600-1.jpg', '100 ุฅูู 500 ุฌููู', ''),
(89, 'ุญุฏููุฉ ุงูุทูู', 1, 2, '20', 'ูุงูุช ููุง ุฒุงูุช ุญุฏููุฉ ุงูุทูู ูู ุงููุฌูุฉ ุงูุฃููู ุนูู ูุงุฆูุฉ ุงูุงูู ุนุงุฆููุฉ ููุฎุฑูุฌ ูู ุงููุงูุฑุฉ ููุฐ ุงูุชุชุงุญูุง ูุฏูููุงุ ููุฏ ุฎุถุนุช ุงูุญุฏููุฉ ูุฃุนูุงู ุงูุตูุงูุฉ ูุงูุชุฌุฏูุฏ ูู ููุชู ูุฑูุจุ ููุง ุฃุฏู ูุชุญุณูู ุฃูุงูู ุงูุฌููุณุ ููุณุงุฑุงุช ุงููุดุงู.', 4.0, 'ุดุงุฑุน ุนุจุฏุงูุฑุงุฒู ุงูุณูููุฑูุ ู.ู. ุดุงุฑุน ููุฑู\r\nุนุจูุฏุ ูุฏููุฉ ูุตุฑ', 'ุชุฑููู', 'https://www.propertyfinder.eg/blog/wp-content/uploads/2022/06/%D8%AD%D8%AF%D9%8A%D9%82%D8%A9-%D8%A7%D9%84%D8%B7%D9%81%D9%84-1-1.jpg', 'ุฃูู ูู 100 ุฌููู', ''),
(90, 'ูุฏููุฉ ุงูุนุงุจ\r\n(ูุงุฌูู ุจูุงูุช)', 1, 2, '60', 'ููุงู ุนุฏุฏ ูุจูุฑ ูู ุงูุงูู ุฎุฑูุฌ ุงูุงุทูุงู ูู ุงููุงูุฑูุ ูููู ูุงุฌูู ุจูุงูุช ุชุนุชุจุฑ ุถูู ุฃูุถูููุ ููู ุชุถู ุงูุนุฏูุฏ ูู ุงูุฃูุนุงุจ ุงูููุชุนุฉ ููุฃุทูุงูุ ูุงูุชู ูุณุชุทูุน ุฃู ูุชูุชุน ุจูุง ุงููุจุงุฑ ุฃูุถูุง.\r\nุชุณุชุทูุน ุจุฏุก ุฑุญูุชู ูู ูุฐู ุงููุฏููุฉ ุนู ุทุฑูู ุดุฑุงุก ูุงุฑุช ูุงุฌูู ุจูุงููุช ูุดุญูู ุจุงูููุงุทุ ูู ุชุณุชุฎุฏููุง ูู ุฏุฎูู ุงูุฃูุนุงุจ ุงููุฎุชููุฉุ ููุง ููููู ุฃู ุชุฌูุน ููุงุท ุนู ุทุฑูู ุงูููุฒ ูู ุจุนุถ ุงูุงูุนุงุจ ูุชุฌููุน ูุฐู ุงูููุงุท ูุฑุจุญ ุฌุงุฆุฒุฉ.\r\nููุงุญุธุฉ:ูุจูุบ ุณุนุฑ ูุงุฑุช ุฃูุนุงุจ ูุงุฌูู ุจูุงููุช 60 ุฌููู,\r\nูุชุฑุงูุญ ุณุนุฑ ุดุญู ุงููุงุฑุช ุจูู 50 ุฌููู ู 1000 ุฌููู.', 3.6, 'ุณูุชู ุณููุชุฑ ุฃููุงุธุฉุ ุงููุฒูุฉ', 'ุชุฑููู', 'https://www.propertyfinder.eg/blog/wp-content/uploads/2022/06/1.-%D9%85%D8%AF%D9%8A%D9%86%D8%A9-%D8%A7%D9%84%D8%B9%D8%A7%D8%A8-%D9%85%D8%A7%D8%AC%D9%8A%D9%83-%D8%A8%D9%84%D8%A7%D9%86%D8%AA-.jpeg', 'ุฃูู ูู 100 ุฌููู', ''),
(91, 'ุงูุญุฏููุฉ ุงูุฏูููุฉ', 1, 2, '30', 'ุชุชููุฒ ุงูุญุฏูู ุงูุฏูููุฉ ุจูุณุงุญุชูุง ุงูุถุฎูุฉ ุงูุชู ุชุญุงูุธ ุนูู ุฎุตูุตูุฉ ูุฑุงุญุฉ  ุขูุงู ุงูุฒูุงุฑุ ููุง ุชููุณู ุงูุญุฏููุฉ ุฅูู ุนุดุฑุงุช ุงูููุงุทู ุงูุทุจูุนูุฉ ุงูุฎูุงูุจุฉุ ุชุดุชุฑู ุฌููุนูุง ูู ูุฌูุฏ ุงูุดูุงุฑุน ุงููููุฏุฉ ูุฑููุจ ุงูุฏุฑุงุฌุงุช ูุงูุชุฒูุฌุ ูุณุงุญุงุช ุงููุทุงุนู ุงููุชููุนุฉุ ูููุงูู ุงูุฃุทูุงูุ ูููุงุนุจ ูุฑุฉ ุงููุฏู.\r\nุฃุถู ุฅูู ุฐูู ุฃููู ูุฐู ุงูุญุฏููุฉ ุชุนุฏ ูู ุฃูุงูู ููุฎุฑูุฌ ูู ุงููุงูุฑุฉ ููุงุทูุงู ุฃูุถูุงุ ููู ุชุถู ุงูุฃูุนุงุจ ุงูุญุฑููุฉ ุงูุตุบูุฑุฉุ ุฅูู ุฌุงูุจ ุชูุงูุฑ ุณุงุญุฉ ููุดุงูุฏุฉ ุจุนุถ ุงูุญููุงูุงุช ุงูุจุฑูุฉ ุนู ูุฑุจ.', 4.0, 'ุดุงุฑุน ุนุจุงุณ ุงูุนูุงุฏุ ูุฏููุฉ ูุตุฑ', 'ุชุฑููู', 'https://www.propertyfinder.eg/blog/wp-content/uploads/2022/06/%D8%A7%D9%84%D8%AD%D8%AF%D9%8A%D9%82%D8%A9-%D8%A7%D9%84%D8%AF%D9%88%D9%84%D9%8A%D8%A9-1-1-1.jpg', 'ุฃูู ูู 100 ุฌููู', ''),
(92, 'ูุฏููุฉ ุงูุซูุฌ\r\n(ุณูู ุณูุชู ุณุชุงุฑุฒ)', 1, 2, '300 ุฅูู 400', 'ุชุดุชูู ูุฏููุฉ ุงูุซูุฌ ุนูู ุงูุนุฏูุฏ ูู ุงูุฃูุนุงุจ ุงูุดููุฉุ ุฅูู ุฌุงูุจ ุงูุชุฒูุฌ ุนูู ุงูุฌููุฏ ุชุญุชูู ุงููุฏููุฉ ุฃูุถูุง ุนูู ุณูุงุฑุงุช ุงูุชุตุงุฏูุ ูุฏุฑุงุฌุงุช ุงูุซูุฌุ ูุงูุทุงุญููุฉ ุงูุซูุฌูุฉุ ููุง ูููู ุชูููุฑ ูุฏุฑุจ ุฎุงุต ูุชุนููู ุงูุชุฒูุฌ ูุซู ุงููุญุชุฑููู.', 3.8, 'ุงูุฏูุฑ ุงูุซุงูู ูุงูุชุงุณุน ูู ููู ุณูุชู ุณุชุงุฑุฒุ\r\nูุฏููุฉ ูุตุฑ', 'ุชุฑููู', 'https://www.propertyfinder.eg/blog/wp-content/uploads/2022/06/3.-%D9%85%D8%AF%D9%8A%D9%86%D8%A9-%D8%A7%D9%84%D8%AB%D9%84%D8%AC-.jpeg', '100 ุฅูู 500 ุฌููู', ''),
(93, 'ูุฑูุฒ ุงูุจููููุฌ ุงูุฏููู', 1, 2, '20', 'ููุนุฏ ูุฑูุฒ ุงูุจููููุฌ ุงูุฏููู ูู ุฃุดูุฑ ูุฑุงูุฒ ุงูุจููููุฌ ูู ูุตุฑ ูููู ุชููุงู ุจุทููุงุช ุนุงูููุฉุ ููุง ููุชุตุฑ ุงูุฃูุฑ ุนูู ุงูุจููููุฌ ูุญุณุจ ุจู ูุถู ุฃูุนุงุจ ุฃุฎุฑูุ ูุซู: ุงูุจููุงุฑุฏู ูุงููููู ุงูููุงุฆูุ ุฅูู ุฌุงูุจ ุงูุจูุงูุณุชุดู ูุชูุณ ุงูุทุงููุฉ.', 3.8, 'ุตูุงุญ ุณุงููุ ุฎูู ุจุงููุฑุงูุง ุญุฑุจ ุฃูุชูุจุฑุ\r\nูุฏููุฉ ูุตุฑ', 'ุชุฑููู', 'https://www.propertyfinder.eg/blog/wp-content/uploads/2022/06/%D9%85%D8%B1%D9%83%D8%B2-%D8%A7%D9%84%D8%A8%D9%88%D9%84%D9%8A%D9%86%D8%AC.jpeg', 'ุฃูู ูู 100 ุฌููู', ''),
(94, 'ุงูููุฑููุงูุฏ', 1, 2, '20', 'ุงูููุฑููุงูุฏ ูู ุฃุญุฏ ุฃุดูุฑ ูุฃูุฏู ุงูุงูู ุฎุฑูุฌ ุนุงุฆููุฉ ูู ุงููุงูุฑุฉ ุนุงูุฉู ููุตุฑ ุงูุฌุฏูุฏุฉ ุนูู ูุฌู ุงูุฎุตูุต. ูุดุจู ูุฐุง ุงูููุชุฒู ุฅูู ุญุฏู ูุจูุฑ ุงูุฌูุงุช ุงูุฎุถุฑุงุก ูู ุฃูุทูููุงุฏุณ ุจุงูุฅุณููุฏุฑูุฉุ ููู ูุญููู ุจุงูุฃุดุฌุงุฑ ุงูุฎุถุฑุงุก ุงููุซููุฉุ ููุญุชูู ุนูู ุงูุนุฏูุฏ ูู ุงููุฑุงูู ุงููููุฒุฉุ ูุซู:\r\nุงูุจุญูุฑุฉ ุงููุงุฆูุฉ\r\nุนุฑูุถ ุงูุฏูุงููู\r\nุดูุงูุงุช ุตุฎุฑูุฉ\r\nูุทุงุนู ููุงูููุงุช\r\nููุงูู ููุฃุทูุงู', 3.8, 'ุดุงุฑุน ุงูุญุฌุงุฒุ ุญู ูุตุฑ ุงูุฌุฏูุฏุฉุ ุงููุงูุฑุฉ', 'ุชุฑููู', 'https://www.propertyfinder.eg/blog/wp-content/uploads/2022/06/%D8%A7%D9%84%D9%85%D9%8A%D8%B1%D9%8A%D9%84%D8%A7%D9%86%D8%AF.jpeg', 'ุฃูู ูู 100 ุฌููู', ''),
(95, 'ูุงุญุฉ ููููุจูููุณ', 1, 2, '0', 'ุชุธู ุฃูุงุณูุณ ููููุจูููุณ ูุงุญุฏุฉู ูู ุฃูุซุฑ ุงูุฃูุงูู ุณุญุฑูุง ูู ูุตุฑ ุงูุฌุฏูุฏุฉ ูุฃูุซุฑูุง ุชููุฒูุง ูู ุงูุงูู ุฎุฑูุฌ ุนุงุฆููุฉ ูู ุงููุงูุฑุฉุ ุจูุถู ูุง ุชุชูุชุน ุจู ูู ุงููุณุทุญุงุช ุงููุงุฆูุฉ ูุณุงุญุงุช ุงููุนุจุ ููุง ุชุชุฑุงุต ุงูุฌูุณุงุช ุงูุนุงุฆููุฉ ุฌูุจูุง ุฅูู ุฌูุจ ุฃูุงู ุนุดุฑุงุช ุงููุทุงุนู ุงูุดุฑููุฉ ูุงูุบุฑุจูุฉ.', 3.6, 'ุทุฑูู ุงููุทุงุฑุ ููุทูุฉ ุงูุดูุฑุงุชููุ ูุตุฑ ุงูุฌุฏูุฏุฉ', 'ุชุฑููู', 'https://www.propertyfinder.eg/blog/wp-content/uploads/2022/06/shutterstock_1034258305-1-1.jpg', 'ุฃูู ูู 100 ุฌููู', ''),
(96, 'ุญุฏููุฉ ุงูุฃูุฏูุณ', 1, 2, '5', 'ุชุชูุชุน ุงูุฃูุฏูุณ ุจุงูููุท ุงูุนุฑุจู ุงูุฐู ูุดูู ุชูุงุฌุฏ ุงูุฃุดุฌุงุฑ ุงูุถุฎูุฉ ุงูููุฑูุฉุ ูุงูุณุงุญุงุช ุงูุฑุฎุงููุฉุ ูุฃูุถูุง ุฃุญูุงุถ ุงููุฑูุฏ ุงูููุชุดุฑุฉ ุจูู ุฃุฑุฌุงุก ุงูุญุฏููุฉุ ููุง ุชููุฑุฏ ุญุฏููุฉ ุงูุฃูุฏูุณ ูู ุจูู ููุชุฒูุงุช ุงููุงูุฑุฉ ุจุชูุงุฌุฏูุง ุนูู ุญุงูุฉ ููุฑ ุงูููู ูุจุงุดุฑุฉู.\r\nุฅุถุงูุฉู ูุฐููุ ุชุฌุฏ ูุนุธู ุงูุนุงุฆูุงุช ุถุงูุชูุง ูู ุงูุนุซูุฑ ุนูู ููุงู ูุงุฏุฆ ุนูุฏ ุฒูุงุฑุฉ ูุฐู ุงูุญุฏููุฉุ ุญูุซ ูุณุชุทูุน ุงูุขุจุงุก ุงูุงุณุชูุชุงุน ุจุงูุฌููุณ ูุชูุงูู ุงููุฌุจุงุช ุงูุฎูููุฉุ ูุน ุฅููุงููุฉ ูุฑุงูุจุฉ ุงูุฃุทูุงู ูุธุฑูุง ููุฌูุฏ ููุทูุฉ ุงูุฃูุนุงุจ ูู ููุชุตู ุงูููุชุฒู.', 3.8, 'ุดุงุฑุน ุงูุฌุฒูุฑุฉุ ููุจุฑู ูุตุฑ ุงููููุ ุงูุฒูุงูู', 'ุชุฑููู', 'https://www.propertyfinder.eg/blog/wp-content/uploads/2022/06/%D8%AD%D8%AF%D9%8A%D9%82%D8%A9-%D8%A7%D9%84%D8%A7%D9%94%D9%86%D8%AF%D9%84%D8%B3-1.jpg', 'ุฃูู ูู 100 ุฌููู', ''),
(97, 'ุจููู ุจูุฒ', 1, 2, '80 ุฅูู 180', 'ููุฏู ุจููู ุจูุฒ ุฎุฏูุฉ ููุงุซูุฉ ูููุฏุฒุงููุง ูููู ุจุตูุฑุฉ ูุฎุชููุฉุ ููู ููุฏู ุงูุชุฑููู ุจุดูู ุฃุณุงุณู ููุฃุทูุงู ูู ุฎูุงู ุงูุฃูุนุงุจ ุงููุฎุชููุฉ ุงูููุฌูุฏุฉ ุฏุงุฎู ูุฐู ุงููุฏููุฉ ุงููุบููุฉุ ููุง ูููู ููุขุจุงุก ูุฑุงููุฉ ุฃุจูุงุฆูู ุฏุงุฎู ุจููู ุจูุฒ.', 3.4, 'ููู ุงูุนุฑุจุ ูุฏููุฉ 6 ุฃูุชูุจุฑ', 'ุชุฑููู', 'https://www.propertyfinder.eg/blog/wp-content/uploads/2022/06/%D8%A8%D9%8A%D9%84%D9%8A-%D8%A8%D9%8A%D8%B2-800x533-1.jpeg', '100 ุฅูู 500 ุฌููู', ''),
(98, 'ุฏุฑูู ุจุงุฑู\r\n(Dream Park)', 1, 2, '200 ุฅูู 700', 'ุจุฑุฒุช ุฏุฑูู ุจุงุฑู ูุฃูุถู ูุฃูุจุฑ ูุฏููุฉ ููุงูู ูู ูุตุฑุ ุฅุฐ ููุตุฏูุง ุงููุซูุฑ ูู ุงูุนุงุฆูุงุช ูู ุงูุฃุนูุงุฏ ูุงูููุงุณุจุงุช ุจุงุนุชุจุงุฑูุง ุฃุญุฏ ุฃูุชุน ุงูุงูู ุงูุฎุฑูุฌ ูู ุงููุงูุฑุฉ ููุงุทูุงูุ ุญูุซ ุชุถู ุนุฏุฏ ุถุฎู ูู ุงูุฃูุนุงุจ ุงููุซูุฑุฉุ ูููุง ุงููุงุฆูุฉ ูุงูููุฑุจุงุฆูุฉ.\r\nุนูุงูุฉู ุนูู ุฐููุ ุชุญุชูู ุฏุฑูู ุจุงุฑู ุนูู ููุงูู ูุฎุตุตู ูุฃูุนุงุจ ุงูููุฏูู ุฌููุฒ ุงูุชู ููุถููุง ุงูุนุฏูุฏ ูู ุงูุดุจุงุจ ูุงููุฑุงููููุ ุฅุฐ ุฃุฑููุช ุชูู ุงููุณุงุฆู ุงูุชุฑููููุฉ ุญุฏูุซูุง.', 4.2, 'ุทุฑูู ุงููุงุญุงุชุ ูุฏููุฉ 6 ุฃูุชูุจุฑ', 'ุชุฑููู', 'https://www.propertyfinder.eg/blog/wp-content/uploads/2022/06/1.-%D8%AF%D8%B1%D9%8A%D9%85-%D8%A8%D8%A7%D8%B1%D9%83-.jpeg', '100 ุฅูู 500 ุฌููู', ''),
(99, 'ุงูุฑูู ุงูุนุฑุจู', 1, 2, '150 ุฅูู 270', 'ุชูุธู ูุฑูุฉ ุงูุฑูู ุงูุนุฑุจู ูุฌููุนุฉ ูู ุงูุจุฑุงูุฌ ุงูุชุฑููููุฉ ุงููููุฒุฉ ููุฎุชูู ุงูุนุงุฆูุงุช ุงููุงุฏููู ุฅูููุง ููุถุงุก ูููู ููุฆู ุจุงููุฑุญ ูุงููุดุงุท. ูุฐุง ูุชุดุชูู ุงููุฑูุฉ ุนูู ุงููุซูุฑ ูู ุงูุฃูุดุทุฉุ ูุซู: ุฑููุจ ุงูุฎูู ูุงูุฌูุงูุ ูุฏุฎูู ุงูููุงููุ ููุดุงูุฏุฉ ุงูุณูููุงุ ูุฑููุจ ุงูุฃูุนุงุจ ุงูููุฑุจุงุฆูุฉุ ูุงููุนุจ ุจุงูุฃููุงู ูุงูุตูุตุงูุ ูุฃุฎูุฑูุง ุงูุงุณุชูุชุงุน ุจุงูููุงู ูู ุญูุงูุงุช ุงูุณุจุงุญุฉ.', 4.3, 'ุทุฑูู ูุญุงุฌุฑ ุจูู ููุณูุ ุฃุจู ุงูููุฑุณุ\r\nุงูุฌูุฒุฉ', 'ุชุฑููู', 'https://www.propertyfinder.eg/blog/wp-content/uploads/2022/06/%D8%A7%D9%84%D8%B1%D9%8A%D9%81-%D8%A7%D9%84%D8%B9%D8%B1%D8%A8%D9%8A-1-1.jpg', '100 ุฅูู 500 ุฌููู', ''),
(100, 'ูุชุญู ุงูุฃููุงู\r\n(Museum of Illusions)', 1, 2, '200 ุฅูู 800', 'ูุชุญู ุงูุฃููุงู ูู ูู ุฃุจุฑุฒ ุงูุงูู ุฎุฑูุฌ ุนุงุฆููุฉ ูู ุงููุงูุฑุฉ ุงูุชู ุชูุฏู ุชุฌุฑุจุฉ ูุฎุชููุฉ ูููุชุนุฉุ ูููููู ูุซูุงู ุฃู ุชูุดู ูู ุญูุถ ููุงู ุฏูู ุฃู ุชุตุงุจ ุจุงูุจููุ ุฃู ุฃู ุชูู ุนูู ุฑุฃุณู ุจูููุง ุชุฏูุฑ ุงูุบุฑูุฉุ ูุบูุฑ ุฐูู ูู ุงูุฎุฏุน ุงูุดููุฉุ ููู ุฃูุซุฑ ูุง ูููุฒ ูุฐุง ุงูููุงู ูู ุงุณุชูุชุงุน ูุฎุชูู ุงูุฃุนูุงุฑ ุจุงูุฎุฏุน ุงูููุฌูุฏุฉ ุจู.', 4.3, 'ุทุฑูู ูุตุฑ ุงุณููุฏุฑูุฉ ุงูุตุญุฑุงููุ ุงูุดูุฎ ุฒุงูุฏ', 'ุชุฑููู', 'https://www.propertyfinder.eg/blog/wp-content/uploads/2022/06/7.-%D9%85%D8%AA%D8%AD%D9%81-%D8%A7%D9%84%D8%A7%D9%94%D9%88%D9%87%D8%A7%D9%85-Museum-of-Illusions-.jpeg', '100 ุฅูู 500 ุฌููู', ''),
(101, 'ุญุฏููุฉ ุงูุฃุฒูุฑ', 1, 2, '30', 'ุจูุบุช ุญุฏููุฉ ุงูุฃุฒูุฑ ูู ุดูุฑุชูุง ุนูุงู ุงูุณูุงุกุ ููู ุชุนุฏ ุฃุญุฏ ุฃุฌูู ุงูุงูู ููุฎุฑูุฌ ูู ุงููุงูุฑุฉ ููุนุงุฆูุงุช ูุงูุฃุทูุงูุ ูุชุดุงุฑููู ูู ุงูููู ูุงููุนุจ ูุนูุง ูู ุงููุณุงุญุงุช ุงูุฎุถุฑุงุก ุงููุงุณุนุฉุ ูุชูุงูู ูุฌุจุงุช ุงูุฑุญูุงุช ุงูุดููููุฉุ ูุงููุฑุญ ุนูุฏ ููุทูุฉ ุงูููุงููุฑ ุงููุงุฆูุฉ ูุงูุดูุงูุงุช.\r\nุชุถู ุญุฏููุฉ ุงูุฃุฒูุฑ ุฃูุถูุง ููุฑุงุช ูุดูุงุฑุน ูููุฏุฉ ุชุตูุญ ูุฅูุงูุฉ ุงูุณุจุงูุงุช ุจุงูุฏุฑุงุฌุงุช ุฃู ุนุฌูุงุช ุงูุชุฒูุฌุ ููุง ุชูุฌุฏ ููุทูุฉ ุฃูุนุงุจ ูุฌุงููุฉ ูุฎุตุตุฉ ููุฃุทูุงูุ ููุทุงุนู ุดุฑููุฉ ูุฒูุฏุฉ ุจุชููููุงุช ูุฑูุฒูุฉ.', 4.5, 'ุดุงุฑุน ุตูุงุญ ุณุงููุ ููุทูุฉ ุงูุฏุฑุจ ุงูุฃุญูุฑุ ูุตุฑ ุงููุฏููุฉ', 'ุชุฑููู', 'https://www.propertyfinder.eg/blog/wp-content/uploads/2022/06/%D8%AD%D8%AF%D9%8A%D9%82%D8%A9-%D8%A7%D9%84%D8%A7%D9%94%D8%B2%D9%87%D8%B1.jpg', 'ุฃูู ูู 100 ุฌููู', ''),
(102, 'ูุทุนู ุงูููุนุฉ', 1, 1, '150', 'ูุชุณู ูุจูู ูุทุนู ุงูููุนุฉ ุจุทุงุจุน ูุนูุงุฑู ููุชูู ููุนุตุฑ ุงููุงุทููุ ููุชูุซู ูุฐุง ูู ุฌููุน ุฏูููุฑุงุช ุงููุทุนู ููุฑุงููู ุงูุฎุดุจูุฉ ุงููุฒููุฉ ุจุงููููุด ุงูุฅุณูุงููุฉ ุงููุฏููุฉ. ', 4.2, 'ูุฑุน ุงูุฃุฒูุฑ: ููุน ุฏุงุฎู ุญุฏููุฉ ุงูุฃุฒูุฑุ ุทุฑูู ุตูุงุญ\r\nุณุงููุ ุงููุงูุฑุฉ.\r\nูุฑุน ุงูุณูุฏุฉ ุนุงุฆุดุฉ: 31 ุดุงุฑุน ุงูุณูุฏุฉ ุนุงุฆุดุฉุ\r\nุงููุงูุฑุฉ.', 'ุทุนุงู', 'https://th.bing.com/th/id/R.1563e818ce65d0243aba3f3b648e2db0?rik=XFwlEtdgrH8r3w&riu=http%3a%2f%2fazharpark.com%2fwp-content%2fuploads%2f2022%2f12%2f9.jpg&ehk=dtDULv82bpmpE%2fnL9KPh9fU3e93OMeo5WD2xzvEWAI4%3d&risl=&pid=ImgRaw&r=0', '100 ุฅูู 500 ุฌููู', '');
INSERT INTO `places` (`PlaceID`, `PlaceName`, `CityID`, `ActivityID`, `PriceRange`, `Description`, `Rating`, `PlaceAddress`, `ActivityName`, `image_path`, `budget`, `Icon`) VALUES
(103, 'ุฃูุฑุงูุงุช ุงูุฌูุฒุฉ\r\nูุชูุซุงู ุฃุจู ุงูููู', 1, 4, '60', 'ุฃุจู ุงูููู ูุงูุฃูุฑุงูุงุชุ ุฑุญูุฉ ุจูุง ุดู ูู ุงูุฃุฑูุน ูู ุฃู ุชุจุฏุฃ ุจูุง ุฌููุงุชู ุฅูู ุฃูุถู ุงูุงูู ุณูุงุญูู ูู ุงููุงูุฑูุ ุญูุซ ุณุชุฑู ุงูุญุถุงุฑุฉ ุงููุตุฑูุฉ ูู ุฃูุณุน ุฃุจูุงุจูุง ูุณุท ุชุทููุฑ ููุญูุธ ููุนุฏูุฏ ูู ุงููุฑุงูุฒ ุงูุฎุฏููุฉ ุญูู ุงูููุทูุฉ ุงูุฃุซุฑูุฉ! \r\nูููุง ูุง ุดู ููู ุฃู ุฃูุฑุงูุงุช ุงูุฌูุฒุฉ ุชุนุชุจุฑ ูู ุฃูู ุงููุนุงูู ุงูุณูุงุญูุฉ ูู ุงููุงูุฑุฉ ูุฃู ุฒูุงุฑุฉ ุงูุฃูุฑุงูุงุช ูู ุชุฌุฑุจุฉ ูุฑูุฏุฉ ูู ููุนูุง. ูุฐููุ ุฅุฐุง ููุช ุชุฑุบุจ ูู ูุถุงุก ุนุทูุฉ ุฏุงุฎู ุงููุงูุฑุฉ ุชูุงุณุจ ูู ุงูุฃุนูุงุฑุ ูุฃูุช ูุฏ ุนุซุฑุช ุนูู ุงูููุงู ุงูุฃูุณุจ ูู.', 4.7, 'ูุถุจุฉ ุงูุฌูุฒุฉ ูู ููุทูุฉ ุงููุฑู', 'ุณูุงุญู', 'https://www.propertyfinder.eg/blog/wp-content/uploads/2024/02/shutterstock_2115357761-1.jpg.webp', 'ุฃูู ูู 100 ุฌููู', ''),
(104, 'ุจุฑุฌ ุงููุงูุฑุฉ', 1, 4, '70 ุฅูู 250', 'ุฅุฐุง ููุช ุชุชุทูุน ููุฐูุงุจ ุฅูู ุฃุญุฏ ุงูุงูู ุณูุงุญูุฉ ูู ุงููุงูุฑุฉ ุนูู ุงููููุ ุฅุฐู ุจุฑุฌ ุงููุงูุฑุฉ ูู ูุฌูุชู ุงูุฃูุซู ูุชูุจูุฉ ุทูุจู!  ุญูุซ ูุนุชุจุฑ ุจุฑุฌ ุงููุงูุฑุฉ ูู ุฃุฌูู ุงูุงูู ุงูุฎุฑูุฌ ูู ุงููุงูุฑุฉ ุนูู ุงููููุ ููุง ุฃูู ูู ุฃูู ุงููุนุงูู ุงููุตุฑูุฉ ุญูุซ ุชู ุชุตูููู ุนูู ุดูู ุฒูุฑุฉ ุงูููุชุณ ุงููุตุฑูุฉ.\r\nููู ุชุฌุฑุจุฉ ุฑุงุฆุนุฉ ุฏุงุฎู ุจุฑุฌ ุงููุงูุฑุฉ ุฃุญุฏ ูุนุงูู ูุตุฑ ุงูุจุงุฑุฒุฉุ ุณูููู ุนููู ุตุนูุฏ 16 ุทุงุจู ุจุงุฑุชูุงุน ูุตู ุฅูู 187 ูุชุฑ ูุชุญุตู ุนูู ูุงุญุฏุฉ ูู ุฃุฌูู ุงููุดุงูุฏ ุงูุจุงููุฑุงููุฉ ูููุงูุฑุฉ ุงููุจุฑูุ ุฃูุถูุง ูุนุฏ ุงูุถู ููุช ูุฒูุงุฑุฉ ุจุฑุฌ ุงููุงูุฑุฉ ูู ููุช ุบุฑูุจ ุงูุดูุณุ ูุฅุฐุง ุตุงุฏู ูุฌูุฏู ูู ุฐูู ุงูุชูููุชุ ุณุชุฑู ุงููุดูุฏ ุงูุฃูุซุฑ ุณุญุฑูุง ุนูู ุงูุฅุทูุงู.', 4.5, 'ุดุงุฑุน ุฌุฒูุฑุฉ ุงูุฒูุงูู ุนูู ููุฑ ุงููููุ ุจุงููุฑุจ ูู ุญุฏููุฉ ุงูุฃูุฏูุณุ ุงููุงูุฑุฉ', 'ุณูุงุญู', 'https://www.propertyfinder.eg/blog/wp-content/uploads/2018/09/cairo-tower-gezira-island-river-nile-cairo-egypt-14582164.jpg', 'ุฃูู ูู 100 ุฌููู', ''),
(105, 'ุณูู ุฎุงู ุงูุฎูููู', 1, 4, '0', 'ูุนุชุจุฑ ุฎุงู ุงูุฎูููู ูู ุฃูุถู ุงูุงูู ุณูุงุญูู ูู ุงููุงูุฑุฉ ูุฃุญุฏ ุฃูุฏู ุฃุญูุงุก ุงููุฏููุฉุ ููุฏ ุชู ุชุณููุชู ุนูู ุงุณู ูุจูุฑ ุงูุชุฌุงุฑ ูู ุนูุฏ ุงูููุงููู. ููุง ุฃูู ูุงุญุฏ ูู ุฃุนุฑู ุฃุณูุงู ุงูุดุฑู ุญูุซ ูุฒูุฏ ุนูุฑู ุนู 600 ุนุงูุ ูููู ูุง ุฒุงู ูุนูุงุฑู ุจุงููุงู ุนูู ุญุงูู ุญุชู ุงูุขู.', 4.3, 'ููุทูุฉ ุงูุฌูุงููุฉ ูู ุงููุงูุฑุฉ', 'ุณูุงุญู', 'https://www.propertyfinder.eg/blog/wp-content/uploads/2024/02/shutterstock_1087783190-1.jpg.webp', 'ุฃูู ูู 100 ุฌููู', ''),
(106, 'ุดุงุฑุน ุงููุนุฒ ููุณุฌุฏ\r\nุงูุฅูุงู ุงูุญุณูู', 1, 4, '0', 'ุดุงุฑุน ุงููุนุฒ ูุฏูู ุงููู ุงููุงุทูู ูู ูู ุงูุถู ุงูุงูุงูู ุงูุณูุงุญูุฉ ูู ุงููุงูุฑุฉ ุงูุชู ุณุชุดุนุฑ ูููุง ูุฃูู ุณุงูุฑุช ุนุจุฑ ุงูุฒูู ุฅูู ุงูุนุตูุฑ ุงูุฅุณูุงููุฉ ุงููุฏููุฉ!\r\nููุฑุงุชู ุงูุถููุฉุ ุดุงุฑุนู ุงูููุฑุตู ุจุงูุญุฌุงุฑุฉ ุงูุฃุซุฑูุฉุ ุงูุฃุจูุงุจ ุงููุนููุฉ ุงููุจูุฑุฉ ุนูู ุงูุฌุงูุจููุ ูุงูุชุงุช ุงููุญูุงุช ุงููุฏููุฉุ ุฏุฑุฌุงุช ุงูุณูุงูู ุงูุชุงุฑูุฎูุฉุ ูู ูุฐุง ูุฃูุซุฑ ูู ุงููุนุงูู ุงูุชู ุณุชุฃุฎุฐู ูู ุฑุญูุฉ ูุง ูุซูู ููุง ููู ุชุฑูุฏ ุณูู ุฃู ุชูุชุน ุจูุธุฑูู ุจูู ุชูุตููุฉ ูู ุงูุทุฑุงุฒ ุงููุนูุงุฑู ุงููุฑูุฏ ุฏุงุฎู ูุฐุง ุงูุดุงุฑุน ุงูุนุฑูู!\r\nููู ุฃุจุฑุฒ ุงููุนุงูู ุงูุชู ููููู ุฒูุงุฑุชูุง ููุงู ูุณุฌุฏ ุงูุญุงูู ุจุฃูุฑ ุงูููุ ูุณุฌุฏ ุงูุฃููุฑุ ูุจูุช ุงูุณุญูููุ ููู ูุซุงู ุนูู ุงูุจููุช ุงูุชูููุฏูุฉ ูู ุงูุนุตุฑ ุงูุนุซูุงูู.', 4.7, 'ููุทูุฉ ุงูุนุชุจุฉ ุนูุฏ ุดุงุฑุน ุงูุฃุฒูุฑ,\r\nุงููุงูุฑุฉ', 'ุณูุงุญู', 'https://www.propertyfinder.eg/blog/wp-content/uploads/2024/02/shutterstock_2160801369-1.jpg.webp', 'ุฃูู ูู 100 ุฌููู', ''),
(107, 'ุจุงุจ ุฒูููุฉ', 1, 4, '10', 'ุฑุฌูุนูุง ููุจุญุซ ุนู ุงูุงูู ูู ุงููุงูุฑุฉ ูุฑูุฏุฉ ูุฐุงุช ุทุงุจุน ุณูุงุญู ุฑุงููุ ูุชุฑูุฏ ูุดุงูุฏุฉ ุงูุงูู ุณูุงุญูุฉ ูู ูุตุฑ ูููุฒุฉุ ูุจุงุจ ุฒูููุฉ ูู ุขุฎุฑ ุจูุงุจุฉ ุฌููุจูุฉ ูุชุจููุฉ ูู ุฃุณูุงุฑ ุงููุงูุฑุฉ ุงููุงุทููุฉ ูู ุงููุฑููู ุงูุญุงุฏู ุนุดุฑ ูุงูุซุงูู ุนุดุฑ.\r\nูุจุงุจ ุฒูููุฉ ุชุงุฑูุฎ ุนุฑูู ุญูุซ ุฃู ุชูู ุงูุจูุงุจุฉ ุชู ุชุนููู ุนููุนูุง ุฑุคูุณ ุฑุณู ูููุงูู ูุงุฆุฏ ุงูุชุชุงุฑ ุญูููุง ุฃุชูุง ููุฏุฏูู ูููุตุฑูููุ ูุฃุนุฏู ุนููู ุฃูุถุงู ุงูุณูุทุงู ุทููุงู ุจุงู ุนูุฏูุง ูุชุญ ุณููู ุงูุฃูู ูุตุฑ ูุถููุง ููุฏููุฉ ุงูุนุซูุงููุฉ.', 4.7, 'ููุงูุฉ ุดุงุฑุน ุงููุนุฒ ูุฏูู ุงููู ุงููุงุทูู ูู\r\nููุทูุฉ ุงูุถุฑุจ ุงูุฃุญูุฑ', 'ุณูุงุญู', 'https://www.propertyfinder.eg/blog/wp-content/uploads/2024/02/shutterstock_1303655395-1.jpg.webp', 'ุฃูู ูู 100 ุฌููู', ''),
(108, 'ุฌุงูุน ุนูุฑู ุจู ุงูุนุงุต', 1, 4, '0', 'ูุง ุชุฑุชุจุท ุดุนุจูุฉ ูููุงูุฉ ุฌุงูุน ุนูุฑู ุจู ุงูุนุงุต ูู ุจููุงูู ุงูุจุฏูุน ููุณุงุญุชู ุงููุจูุฑุฉ ุงูุชู ุชุญุชุถู ุขูุงู ุงููุตููู ููุง ูุชุถููู ูู ุฒุฎุงุฑู ุฅุณูุงููุฉ ูููุฉ ูุญุณุจุ ุจู ููููู ุฃูุถูุง ุฃูู ุฌุงูุน ุชู ุจูุงุฆู ูู ูุตุฑ ูุฃูุฑูููุง.\r\nูุชููู ุฌุงูุน ุนูุฑู ุจู ุงูุนุงุต ูู ุงููุฏุฎู ุงูุฑุฆูุณู ูู ุตุญู ูุจูุฑ ููุดูู ูุฃุฑููุฉ ููุชูุญุฉ ูุจุงุดุฑุฉู ุนูู ุงูุณุงุญุฉ ุงูุฑุฆูุณูุฉุ ููุฏ ุฎุถุน ุงููุณุฌุฏ ุญุฏูุซูุง ูุฃุนูุงู ุตูุงูุฉ ูุชุฑููู ุถูู ูุดุฑูุน ุชุทููุฑ ุงููุงูุฑุฉ ุงูุชุงุฑูุฎูุฉ.', 5.0, 'ูุฏููุฉ ุงููุงูุฑุฉ ุงููุฏููุฉุ ุนูุฏ ููุฏุงู ุฌุงูุน ุงููููุฑุ\r\nูุจุงููุฑุจ ูู ุญุตู ุจุงุจู ุงูุฑููุงูู ุงููุฏูู\r\nูููุทูุฉ ุงููุงูุฑุฉ ุงููุจุทูุฉ', 'ุณูุงุญู', 'https://www.propertyfinder.eg/blog/wp-content/uploads/2024/06/Mosque_of_Amr_ibn_al-As-1.jpg.webp', 'ุฃูู ูู 100 ุฌููู', ''),
(109, 'ูุชุญู ุฃู ููุซูู', 1, 4, '5', 'ุชูุชูุฆ ุฌููุน ุฃุฑูุงู ุงููุชุญู ุจุฐูุฑูุงุช ูุญูุงุฉ ุฃู ููุซูู ุงูุฒุงุฎุฑุฉ ุจุงูุนุฏูุฏ ูู ุงูุชูุงุตูู ุงูุชู ูุจุฑุฒูุง ุจุดูู ููู ุฌูููุ ุญูุซ ููููู ุงูุงุณุชูุชุงุน ุจูู ูู ุงููุนุงููุงุช ุงูุชุงููุฉ: \r\nุฒูุงุฑุฉ ูุงุนุฉ ุงูุจุงููุฑุงูุง ุงูุชู ููุนุฑุถ ูููุง ุตูุฑ ูููุฑุงุญู ุงูุนูุฑูุฉ ูุฃู ููุซูู ูุฃููุงููุง.\r\nูุดุงูุฏุฉ ุงููููู ุงูุชุณุฌููู ูุฃู ููุซูู ูู ูุงุนุฉ ุงูุณูููุง.\r\nุฒูุงุฑุฉ ูุงุนุฉ ุงูููุชุจุฉ ุงูุชู ูุชู ูููุง ุงุณุชุนุฑุงุถ ุฌููุน ุฃุบุงูููุง ูุฃููุงููุง ูุตูุฑ ุญููุงุชูุง ูุฑุญูุงุชูุง.\r\nูุนุฑุถ ุงููุชุญู ูุชุนููุงุช ุงูุณูุฏุฉ ุฃู ููุซูู ูุซู ูุธุงุฑุชูุง ุงููุดููุฑุฉ ูุทุนูุฉ ุจุงูุฃููุงุณ ุงูุญุฑ ูุงูุจุฑูุด ุงูุชู ูุงูุช ุชุฑุชุฏูู ูู ุฃุบูุจ ุฃุบุงูููุง.\r\nููุฌุฏ ูุณู ูุงูู ูุนุฑุถ ูุณุงุชูู ุงูุณูุฏุฉ ุฃู ููุซูู ููุงุฆุญุฉ ุทูููุฉ ุชูุถุญ ูุชู ุงุฑุชุฏุช ูู ูุณุชุงู.\r\nูุนุฑุถ ูู ุงููุชุญู ุงููุฏุงูุง ุงูููุฏูุฉ ููุณูุฏุฉ ุฃู ููุซูู ูู ุงูุฑุฆูุณ ุฌูุงู ุนุจุฏ ุงููุงุตุฑ ูููุงุจุฉ ุงูููุณููููู ุงููุจูุงูููู ูุฃูุณูุฉ ูู ุจูุงุฏ ูุตุฑ ูุณูุฑูุง ูุงููุบุฑุจ', 4.2, '1 ุดุงุฑุน ุงูููู ุงูุตุงูุญ (ุฏุงุฎู ูุตุฑ ุงููุงูุณุชุฑูู)ุ\r\nูู ููุทูุฉ ุฌุฒูุฑุฉ ุงูุฑูุถุฉุ ุญู ุงูููููุ ุงููุงูุฑุฉ', 'ุณูุงุญู', 'https://www.propertyfinder.eg/blog/wp-content/uploads/2018/09/Om-Kalthoum-Museum-10.jpg', 'ุฃูู ูู 100 ุฌููู', ''),
(110, 'ูุณุฌุฏ ุงุจู ุทูููู', 1, 4, '0', 'ูุง ุชุชุฑุฏุฏ ูู ุฒูุงุฑุฉ ูุฐุง ุงูุฃุซุฑ ุงูุญุถุงุฑู ุงูุฐู ูุนุฏ ูู ุงูุงูู ุณูุงุญูุฉ ูู ุงููุงูุฑุฉ ุงูุฌูููุฉ ุงูุชู ูุบูู ุงูุนุฏูุฏ ูู ูุฃูุฑุงุฏ ุชุฑุดูุญูุง ูุฃุตุฏูุงุฆูู ุฃู ุงูุณูุงุญ ุงููุงุฏููู ูุงุณุชูุดุงู ุงููุนุงูู ุงูุงุซุฑูุฉ ูู ูุตุฑ! \r\nููู ุฃุจุฑุฒ ุงูุฃูุดุทุฉ ูุงููุนุงููุงุช ูู ูุณุฌุฏ ุฃุญูุฏ ุจู ุทูููู: \r\nูุณุฌุฏ ุฃุญูุฏ ุจู ุทูููู ูู ูู ุฃูุซุฑ ุงูุฃูุงูู ุงูุฃุซุฑูุฉ ุงูุชู ุณุชุดุนุฑ ูููุง ุจุงููุฏูุก ูุงูุณูููุฉ ููู ุชุฑุบุจ ูู ุงููุบุงุฏุฑุฉ ุฏูู ุงูุฌููุณ ููู ููุชุฑุฉ ูู ุงูููุชุ ูุงุญุฑุต ุนูู ุงูุฐูุงุจ ุจุงูุฑูุง ูุจู ููุนุงุฏ ุฅุบูุงู ุงููุณุฌุฏ.\r\nููุชูู ูุณุฌุฏ ุจู ุทูููู ุฃุทูู ูุฆุฐูุฉ ูู ุงููุงูุฑุฉุ ูููููู ุงูุตุนูุฏ ุฅูููุง ููุดุงูุฏุฉ ุงูููุทูุฉ ุงูุฃุซุฑูุฉ ูู ุฃุนูู.\r\nูุดุงูุฏุฉ ููููุฉ ุชูููู ุงูุฌุงูุน ุญูุซ ูุชููู ูู ุตุญู ุฃูุณุท ููุดูู ูุชุณุงูู ุงูุฃุถูุงุน ูุชุชูุณุทู ูุจุฉ ูุญูููุฉ ุนูู ุฑูุจุฉ ูุซููุฉ.\r\nูุดุงูุฏุฉ ุงูุฌูุงุช ุงูุฃุฑุจุนุฉ ูููุณุฌุฏ ุงูุฐู ูู ูุชู ุจูุงุก ูุซูู ูู ูุตุฑ ุจุฌุงูุจ ุงูุฒุฎุงุฑู ุงูุจุณูุทุฉ ุนูู ุงูุดุจุงุจูู ุฐุงุช ุงูุฃุดูุงู ูุงูุนููุฏ ุงููุฎุชููุฉ.\r\nูุดุงูุฏุฉ ุฌุฏุงุฑ ุงููุจูุฉ ูุณุท ุงููุญุฑุงุจ ุงููุจูุฑ ูููุจุฑ ุงูุฌุงูุน ุงูุฐู ูุนุฏ ูู ุฃูุฏู ุงูููุงุจุฑ.', 5.0, 'ููุทูุฉ ุทููู ูู ุญู ุงูุณูุฏุฉ ุฒููุจุ ุงููุงูุฑุฉ', 'ุณูุงุญู', 'https://www.propertyfinder.eg/blog/wp-content/uploads/2018/09/%D8%AC%D8%A7%D9%85%D8%B9_%D8%A7%D8%A8%D9%86_%D8%B7%D9%88%D9%84%D9%88%D9%86.jpg', 'ุฃูู ูู 100 ุฌููู', ''),
(111, 'ุญุตู ุจุงุจูููู', 1, 4, '20', 'ูู ุฃูู ุงูุงูู ุณูุงุญูู ูู ุงููุงูุฑุฉ ูู ุญุตู ุจุงุจูููู ุงูุฐู ููุนุฑู ุจุงุณู ูุตุฑ ุงูุดูุน ูููู ูุงู ููุถุงุก ุจุฃุนูุฏุฉ ุงูุดูุน ุนูู ุฃุณูุงุฑู ูุณููู ุฃูุถูุง ุจู ููุนุฉ ุจุงุจููููุ ููู ุญุตู ูุจูุฑ ูุถู ูุจุงูู ุชุจูู ูููุง ุจุฑุฌุงู ูุจูุฑุงู ูู ุงูุจุงุจ ุงููุจููุ ุฃุญุฏููุง ุงููููุณุฉ ุงููุนููุฉ ูุงูุฃุฎุฑู ูููุณุฉ ูุงุฑุฌุฑุฌุณ. ูุนูู ุงูุฌุงูุจ ุงูุขุฎุฑ ุจููุช ุนุฏุฉ ููุงุฆุณ ูุซู ูููุณุฉ ุฃุจู ุณุฑุฌุฉ ููููุณุฉ ุงูุนุฐุฑุงุก ูุงูุณุช ุจุฑุจุงุฑุฉ ููุนุจุฏ ูููููุฏ.', 4.2, 'ุดุงุฑุน ูุงุฑู ุฌูุฑุฌุณ ูู ููุทูุฉ ุงูููู ุงูุฃุฎุถุฑ\r\nูู ูุตุฑ ุงููุฏููุฉ', 'ุณูุงุญู', 'https://www.propertyfinder.eg/blog/wp-content/uploads/2024/02/shutterstock_2141125347-1.jpg.webp', 'ุฃูู ูู 100 ุฌููู', ''),
(112, 'ุงููููุณุฉ ุงููุนููุฉ\r\n(The Hanging Church)', 1, 4, '0', 'ุชุชุณู ุงููููุณุฉ ุงูููุนููุฉ ุจุงูุนุฏูุฏ ูู ุงููุฒุงูุง ูุงูููุงูุฉ ุงูุชุงุฑูุฎูุฉ ูุงูุทุฑุงุฒ ุงูุนูุฑุงูู ุงููุฑูุฏ ุงูุฐู ููุดุฌุนู ุนูู ูุถุนูุง ุถูู ุฎุทุชู ูุฒูุงุฑุฉ ุงูุงูุงูู ุงูุณูุงุญูุฉ ูู ุงููุงูุฑุฉ!\r\nุงููููุณุฉ ุงููุนููุฉ ูู ูุงุญุฏุฉ ูู ุฃูุฏู ูุฃูู ุงูุฑููุฒ ุงูุฏูููุฉ ุงููุนุฑููุฉ ุถูู ูุนุงูู ุงููุงูุฑุฉ ุงูุณูุงุญูุฉุ ููู ูู ุฃูุงุฆู ุงููุจุงูู ุงูุชู ุดููุฏุช ุนูู ุทุฑุงุฒ ุงูุจุงุฒููููุงุ ููุฏ ุณูููุช ุจุงูููุนููุฉ ูุธุฑูุง ุฅูู ูููุนูุง ููู ุจูุงุจุฉ ุจุงุจูููู ุงูุฑููุงููุฉ ุงููุฏููุฉุ ููุง ูุนุทู ุงูุงูุทุจุงุน ุจุฃู ุงููููุณุฉ ูุนููุฉ ูู ุงูููุงุก.', 4.7, 'ููุทูุฉ ููู ุบุฑุงุจุ ุฏุงุฎู ุญู ูุตุฑ ุงููุฏููุฉุ\r\nุงููุงูุฑุฉ', 'ุณูุงุญู', 'https://www.propertyfinder.eg/blog/wp-content/uploads/2024/06/shutterstock_2187723539-1.jpg.webp', 'ุฃูู ูู 100 ุฌููู', ''),
(113, 'ููุดู ุฃูู ูุตุฑ', 1, 4, '20', 'ุฅุฐุง ููุช ุชุจุญุซ ุนู ุงูุงูู ุญููุฉ ูู ุงููุงูุฑุฉ ููุชู ุชุฑุดูุญูุง ุจูุซุฑุฉ ููุญุจู ุงูููู ูู ุงูุฒูุงูู ูุงูุฌููุงุช ุงูุจุญุฑูุฉ ุงูุจุณูุทุฉ ูู ุงูููุงุฑุจ ูุงููุฑุงูุจ ุงูุดุฑุงุนูุฉุ ููุง ุจุฏ ูู ุชุฎุตูุต ููุช ูุฒูุงุฑุฉ ููุดู ุฃูู ูุตุฑ ุงููุนุฑูู ุจุฃุฌูุงุฆู ุงูููุนุดุฉ ุตูููุง ุฃู ุดุชุงุกูุ ุจุงูุฅุถุงูุฉ ุฅูู ุชููุน ุงููุทุงุนู ูุงููุงูููุงุช ุจูุฎุชูู ุงูุซูุงูุง.', 4.5, 'ููุฑููุด ุงููููุ ุจูู ููุทูุชู ุงูุฏูู ูุงูุฒูุงููุ\r\nูุจุงููุฑุจ ูู ูุชุฑู ุงูุณุงุฏุงุช', 'ุณูุงุญู', 'https://www.propertyfinder.eg/blog/wp-content/uploads/2024/06/150252545-944830742588605-4994977234701664535-n.jpg-800x451.jpg.webp', 'ุฃูู ูู 100 ุฌููู', ''),
(114, 'ุญุฏููุฉ ุงูุฃุฒูุฑ', 1, 4, '30', 'ุจุฑุฒุช ุญุฏููุฉ ุงูุฃุฒูุฑ ูู ููุจ ููุทูุฉ ุงููุงูุฑุฉ ุงูุชุงุฑูุฎูุฉุ ุนูู ูุณุงุญุฉ 72 ูุฏุงู ูู ุงูุฃุฑุงุถู ุงูุฎุถุฑุงุกุ ุจุชุตููู ูุนูุงุฑู ูุณุชูุญู ูู ุงููู ุงูุฅุณูุงูู. \r\nุญุฏููุฉ ุงูุฃุฒูุฑ ุงูุขู ูู ูุฌูุฉ ูุนุธู ุงูุนุงุฆูุงุช ูุงูุฃูุฑุงุฏ ููุถุงุก ุนุทูุฉ ุฃุณุจูุนูุฉ ูุจูุฌุฉ ูุญุชู ูู ุงูุฃุนูุงุฏ ูุงูููุงุณุจุงุชุ ููุง ุชุถู ุงูุญุฏููุฉ ูุฎุชูู ุงููุทุงุนู ูุงูููุงููุฑ ุงููุงุฆูุฉ ูุงูุฃูุนุงุจ ุงููุงุฆูุฉ.', 4.7, 'ุดุงุฑุน ุตูุงุญ ุณุงููุ ููุทูุฉ ุงูุฏุฑุจ ุงูุฃุญูุฑุ\r\nุงููุงูุฑุฉ', 'ุณูุงุญู', 'https://th.bing.com/th/id/R.a59f8ade1d92557c890bf7093d0b22ed?rik=Jj9ZwBz9RGIoyw&pid=ImgRaw&r=0', 'ุฃูู ูู 100 ุฌููู', ''),
(115, 'ุงููุชุญู ุงููุจุทู', 1, 4, '10', ' ูู ุงูู ุงูุงูุงูู ุงูุณูุงุญูุฉ ูู ุงููุงูุฑุฉ ูู ุงููุชุญู ุงููุจุทู ุ ุญูุซ ููุน ูุฐุง ุงููุชุญู ูู ูุตุฑ ุงููุฏููุฉ ุฏุงุฎู ุญุฏูุฏ ุญุตู ุจุงุจูููููุ ุญูุซ ุชุชูุงุฌุฏ ุจูุงูุงู ุฎูู ูุจูู ุงููุชุญูุ ููุนุชุจุฑ ูู ุฃูุงูู ุงูุฌุฐุจ ุงูุณูุงุญู ูู ุงููุงูุฑุฉ.\r\nุดูุฏ ุงููุชุญู ุงูุนุฏูุฏ ูู ุงูุฅุถุงูุงุช ุฎูุงู ุนูุฏ ุงูุฅูุจุฑุงุทูุฑูุฉ ุงูุฑููุงููุฉุ ููุถู ุญูุงูู 16000 ูุทุนุฉ ุฃุซุฑูุฉ ุชุนูุฏ ูููุชุฑุฉ ุงููุจุทูุฉุ ููุง ูุฌุนูู ุฃูุจุฑ ูุชุญู ูู ุงูุนุงูู ูุขุซุงุฑ ูุตุฑ ูู ูุฐู ุงููุชุฑุฉ.', 4.3, '3 ุดุงุฑุน ูุงุฑ ุฌุฑุฌุณุ ูุตุฑ ุงููุฏููุฉ', 'ุณูุงุญู', 'https://egyptaccessibletravel.com/wp-content/uploads/2022/09/The-Coptic-Museum.jpg', 'ุฃูู ูู 100 ุฌููู', ''),
(116, 'ูุฑูุจุฉ ุจูุชูููู\r\n(Beethoven felucca)', 2, 2, '100', 'ูุฑูุจุฉ ุจูุชูููู ูู ุฃูุถู ุงูุฃูุงูู ููุฎุฑูุฌ ูุงูุชูุฒู ุจุงูููุตูุฑุฉ ูู ุงูููุงุก ุงูุทูู ููู ุงูููุฑ.\r\nูู ุนุจุงุฑุฉ ุนู ูุฑูุจุฉ ุชููู ุจุนูู ุฑุญูุงุช ุจููุฑ ุงูููู ููุฏุฉ ุณุงุนุชูู.\r\nุชุนุชุจุฑ ูู ุฃุฑูู ุงููุทุงุนู ุญูุซ ุชูุฏู ูุฌุจุงุช ููุบุฐุงุก ุฃู ููุนุดุงุก ุฃู ูููุทุงุฑ ุจุญุฏ ุฃูุตู 100 ุฌููุฉ ููุดุฎุต.ุชูุฏู ูุดุฑูุจุงุช ุฑุงุฆุนุฉ ุฃูุจู ุจูููู.\r\nูููู ุญุฌุฒูุง ููุฌููุนุฉ ูู ุงูุฃุตุฏูุงุก ุฃู ูุชูุงูู ุนุดุงุก ุฑููุงูุณู ููุฃุฒูุงุฌ.\r\nููุง ูุชู ุชูุฏูู ูุงุฏู ุฃุซูุงุฑ ุฑุญูุฉ ูุซู ุงูููุณุฑุงุช ูุงูุชุณุงูู.\r\nุณุนุฉ ุงููุงุฑุจ 30 ุดุฎุต ููุท.\r\nูููู ุญุฌุฒูุง ููุฑุฏูู ูุนูู ุนุดุงุก ุฑููุงุงูุณู ุฃู ูุญููุงุช ุนูุฏ ูููุงุฏ.\r\nููุงุนูุฏ ุงูุนูู: ูู 8:00 ุตุจุงุญุงู ุงูู 12:00 ุตุจุงุญุงู.', 4.2, 'ุงููุดุงูุฉ ุงูุณูููุฉ ุนูุฏ ูุงููุฉ ุงูุจุง', 'ุชุฑููู', 'https://th.bing.com/th/id/OIP.uNIRQHbaUzJQHAdcDOYtEwHaE3?rs=1&pid=ImgDetMain', 'ุฃูู ูู 100 ุฌููู', ''),
(117, 'ููุงูู\r\n(Jungle Park)', 2, 2, '50', 'ููุงูู Jungle park ูู ุงูุฃูุงูู ุงูุฌุฏูุฏุฉ ูู ุงูููุตูุฑุฉ ููููุง ุญุงููุงู ูู ุถูู ุฃูุถู ุฃูุงูู ุงูุฎุฑูุฌ ุจุงูููุตูุฑุฉ ุฎุงุตุฉู ููู ูุนู ุฃุทูุงู,ูุฐู ุงูููุงูู ุนุจุงุฑุฉ ุนู ุฃูุนุงุจ ุฑุงุฆุนุฉ ูุฎุชููุฉ ุชูุงูุงู ุนู ุงูุฃูุนุงุจ ุงูููุฌูุฏุฉ ูู ุฃู ูุงุฏู ุฃู ุฃู ููุงูู ุญูุซ ุฃูู ุฃูุซุฑ ูุดุงุทุงู ูุฃูุงูุงู.', 4.3, 'ูุญููุฉ ุงูููุตูุฑุฉ, 42 ุดุงุฑุน ุงูุฌูุดุุงูููุตูุฑุฉ\r\n(ูุณู 2)ุ ุงูู ุงูููุตูุฑุฉุ', 'ุชุฑููู', 'https://ssvmwscambridge.com/wp-content/uploads/2021/03/SSVM_Cambridge_Early_Programme.jpg', 'ุฃูู ูู 100 ุฌููู', ''),
(118, 'ูุชุญู ุฏุงุฑ ุงุจู ูููุงู', 2, 2, '5', 'ูุชุญู ุฏุงุฑ ุงุจู ูููุงู ูู ุงูููุตูุฑุฉุ ุดุงุฑุน ุจูุฑุณุนูุฏุ ูู ูุนูู ุชุงุฑูุฎู ููู. ููุนุฑุถ ููู ููุชููุงุช ูู ูุนุฑูุฉ ุงูููุตูุฑุฉ ุงูุดููุฑุฉุ ูุซู ููุญุงุช ุฒูุชูุฉ ุชูุซู ุงููุนุฑูุฉุ ุชูุซุงู ููููู ูููุณ ุงูุชุงุณุนุ ูุฃุณูุญุฉ ูุฏููุฉ. ุณุงุนุงุช ุงูุนูู ูู ุงูุชุงุณุนุฉ ุตุจุงุญูุง ุญุชู ุงูุซุงููุฉ ูุณุงุกู. ุณุนุฑ ุงูุชุฐูุฑุฉ 5 ุฌูููุงุช.', 4.3, 'ุจูุฑ ุณุนูุฏุ ุงูููุตูุฑุฉ (ูุณู 2)', 'ุชุฑููู', 'https://img.youm7.com/ArticleImgs/2022/7/19/48229-%D9%85%D8%AA%D8%AD%D9%81-%D8%AF%D8%A7%D8%B1-%D8%A7%D8%A8%D9%86-%D9%84%D9%82%D9%85%D8%A7%D9%86.jpg', 'ุฃูู ูู 100 ุฌููู', ''),
(119, 'ูุงุฏู ุฌุฒูุฑุฉ ุงููุฑุฏ', 2, 2, '40', 'ูุนุฏ ูุงุฏู ุฌุฒูุฑุฉ ุงููุฑุฏ ุงูุฑูุงุถูุ ูุงุญุฏุงู ูู ุฃูุถู 10 ุฃูุงูู ููุฎุฑูุฌ ูู ุงูููุตูุฑุฉ.\r\nููู ูุงุฏู ุฑูุงุถู ูุงุฌุชูุงุนู ูุญุชูู ุนูู ุงูุนุฏูุฏ ูู ุงููุดุงุทุงุช ุงูุฑูุงุถูุฉ ูุซู (ุชุนููู ุงูุณุจุงุญุฉุ ุชุนููู ูุฑุฉ ุงููุฏูุ ุชุนููู ุงูุชุงููููุฏูุ ุชุนููู ุงูุฌูุจุงุฒ) ูุงูุนุฏูุฏ ูู ุงูุฃูุดุทุฉ ุงูุฑูุงุถูุฉ ุงูุฃุฎุฑู.\r\nูุชููุฒ ุจูููู ูู ุฃูุจุฑ ุงูููุงุฏู ุจุงูููุตูุฑุฉ ูุฃุฌูููู ุญูุซ ููุฌุฏ ุงูุนุฏูุฏ ูู ุงูููุงุนุฏ ูู ูุฎุชูู ุฃูุญุงุก ุงููุงุฏู ููุฌุงูุณ ุนุงุฆููุฉ ุฑุงููุฉ ูุนูู ูุณุชูู ุนุงูู.', 4.4, 'ูุงุฏูุ ุงูููุตูุฑุฉ (ูุณู 2)', 'ุชุฑููู', 'https://th.bing.com/th/id/R.27cc68856d76e5a2cc261c725e03a689?rik=Nnd3ugIUrU1eqw&riu=http%3a%2f%2fvetfac.mans.edu.eg%2fimages%2fnews%2f2018%2fmans.jpg&ehk=4apGVsrSNKFJesqLTQeJ3ubPfa7iQgc44fot4XIoNEY%3d&risl=&pid=ImgRaw&r=0', 'ุฃูู ูู 100 ุฌููู', ''),
(120, 'ููุฏุงู ุฃู ููุซูู', 2, 2, '0', 'ููุฏุงู ุฃู ููุซูู ูู ุงูููุงุฏูู ุงููุฏููุฉ ุจุงูููุตูุฑุฉ ูุงูุฐู ููุน ุจุฌุงูุจ ุงููุญุงูุธุฉ.\r\nูุงูุนุฏูุฏ ูู ุงูุฃุดุฎุงุต ูุฌุนููู ููุฏุงู ุฃู ููุซูู ุฎุฑูุฌุฉ ุฌูุฏุฉ ุฌุฏุงู ูู ุญูุซ ุงูุฌููุณ ูู ุงูููุงุก ุงูุทูู ูุชูุงูู ุงูุนุฏูุฏ ูู ุงูุฃุทุนูุฉ ูู ุงููุทุงุนู ุงููุฎุชููุฉ.\r\nููุฐู ุงูููุทูุฉ ุชุญุชูู ุนูู ุงูุนุฏูุฏ ูู ุงููุทุงุนู ุงูุชู ุชูุฏู ูุฌุจุงุช ูุทุงุฑ ุฃู ุบุฐุงุก ุฃู ุนุดุงุก.\r\nูููุฌุฏ ุงูุฑูุงู ุฃุดูุฑ ูุญู ุดุงูุฑูุง ุณูุฑู ูู ุดุงุฑุน ููุงุฉ ุงูุณููุณ.\r\nููุง ููุฌุฏ ุงูุจุบู ุฃุดูุฑ ูุญูุงุช ููู ูุทุนููุฉ.\r\nูููุฌุฏ ุงููุญูุฏู ูุงูุตุจุงุญู ูุด ุฃุดูุฑ ูุญูุงุช ุงููุดููุงุช ูุงููุฃูููุงุช ุงูุจุญุฑูุฉ ุจุงูููุตูุฑุฉ.', 4.3, 'ุงูููุตูุฑุฉ (ูุณู 2)ุ ุงูููุตูุฑุฉุ ุงูุฏููููุฉ', 'ุชุฑููู', 'https://i.pinimg.com/originals/f5/f9/44/f5f94401f4208d4d6b454182faba1044.jpg', 'ุฃูู ูู 100 ุฌููู', ''),
(121, 'ุณูู ุงูุฎูุงุฌุงุช', 2, 2, '0', 'ุณูู ุงูุฎูุงุฌุงุช ูู ุงูููุตูุฑุฉ ูู ุณูู ุดุนุจู ุชุงุฑูุฎู ููุน ูู ููุจ ุงููุฏููุฉุ ุจุงููุฑุจ ูู ุดุงุฑุน ุจูุฑุณุนูุฏ ูุฏุงุฑ ุงุจู ูููุงู. ููุนุชุจุฑ ููุงุฐูุง ููุฃุณุฑ ุฐุงุช ุงูุฏุฎู ุงููุญุฏูุฏุ ุญูุซ ูููุฏู ููุชุฌุงุช ุจุฃุณุนุงุฑ ููุฎูุถุฉ ููุงุฑูุฉ ุจุงูุฃุณูุงู ุงูุฃุฎุฑู.', 4.2, 'ุจุงููุฑุจ ูู ุดุงุฑุน ุจูุฑุณุนูุฏ ูุฏุงุฑ ุงุจู ูููุงู', 'ุชุฑููู', 'https://img.youm7.com/ArticleImgs/2022/10/10/442257-%D9%85%D9%86%D8%B7%D9%82%D8%A9-%D8%B3%D9%88%D9%82-%D8%A7%D9%84%D8%AE%D9%88%D8%A7%D8%AC%D8%A7%D8%AA-%D8%A8%D8%A7%D9%84%D9%85%D9%86%D8%B5%D9%88%D8%B1%D8%A9.jpg', 'ุฃูู ูู 100 ุฌููู', ''),
(122, 'ููุงูู ุจูุจู ูุงูุฏ', 2, 2, '10', 'ููุงูู ุจูุจู ูุงูุฏ ูู ุงูููุตูุฑุฉ ูู ูุฌูุฉ ุชุฑููููุฉ ุดููุฑุฉ ููุฃุทูุงู ูุงููุจุงุฑ. ุชูุน ูู ุดุงุฑุน ุงููุดุงูุฉ ุงูุณูููุฉุ ุงูููุตูุฑุฉุ ุงูุฏููููุฉ. ุชูุชุญ ุฃุจูุงุจูุง ูููููุง ูู 9:00 ุตุจุงุญูุง ุญุชู 7:00 ูุณุงุกู.', 3.4, 'ุงููุดุงูุฉ ุงูุณูููุฉุ ุงูููุตูุฑุฉุ ุงูุฏููููุฉ', 'ุชุฑููู', 'https://i.ytimg.com/vi/agWnX5cPunY/maxresdefault.jpg?sqp=-oaymwEmCIAKENAF8quKqQMa8AEB-AHUBoAC4AOKAgwIABABGGUgUihAMA8=&rs=AOn4CLAjNKRN752wRTdxDygMKC3UKIlLIQ', 'ุฃูู ูู 100 ุฌููู', ''),
(123, 'Escape Mansoura', 2, 2, '100', 'ุงุณูุงุจ ุงูููุตูุฑุฉ ูู ูุฑูุฒ ุชุฑูููู ููุฏู ุชุฌุฑุจุฉ \"ุบุฑู ุงููุฑูุจ\" (Escape Rooms) ูู ุงูููุตูุฑุฉ. ููุน ูู ุดุงุฑุน ุงููุตุฑุ ุงูููุตูุฑุฉุ ุงูุฏููููุฉ. ุชูุนุฏ ูุฐู ุงูุชุฌุฑุจุฉ ููุงุณุจุฉ ููุฌููุนุงุช ูู 2 ุฅูู 6 ุฃุดุฎุงุต. ุชุจุฏุฃ ุฃุณุนุงุฑ ุงูุชุฐุงูุฑ ูู 100 ุฌููู ููุดุฎุตุ ูุชุฎุชูู ุญุณุจ ููุน ุงูุบุฑูุฉ ูุนุฏุฏ ุงููุงุนุจูู.', 4.3, 'ุดุงุฑุน ุงููุตุฑุ ุงูููุตูุฑุฉุ ุงูุฏููููุฉ', 'ุชุฑููู', 'https://th.bing.com/th/id/OIP.05CVtGtjmR4vf1eNQn6B4AHaHa?rs=1&pid=ImgDetMain', 'ุฃูู ูู 100 ุฌููู', ''),
(124, 'Epark\r\n(ุงูููุตูุฑุฉ)', 2, 2, '10', 'ููุงูู E-Park ูู ุงูููุตูุฑุฉ ูู ูุฌูุฉ ุชุฑููููุฉ ููุงุณุจุฉ ูุฌููุน ุงูุฃุนูุงุฑุ ูู ุงูุฃุทูุงู ุฅูู ุงููุจุงุฑ. ุชูุน ูู ูุฏููุฉ ูุจุงุฑูุ ุฎูู ุณุชุงุฏ ุงูููุตูุฑุฉ ุงูุฑูุงุถูุ ุฃุนูู ุจูุชุฒุง ูุชุ ุจุฌูุงุฑ Defactoุ ุฃูุงู ูุงุฑููุฑ. ุชูุฏู ูุฌููุนุฉ ูุชููุนุฉ ูู ุงูุฃูุนุงุจ ูุงูุฃูุดุทุฉ ุงูุชุฑููููุฉ.', 4.0, 'ูุฏููุฉ ูุจุงุฑูุ ุฎูู ุณุชุงุฏ ุงูููุตูุฑุฉ ุงูุฑูุงุถู', 'ุชุฑููู', 'https://lh5.googleusercontent.com/p/AF1QipNjBOwlcP3yKk9QPLI-PUJ3XSD2cedqYP3QBPAA=w408-h408-k-no', 'ุฃูู ูู 100 ุฌููู', ''),
(125, 'ุจูุช ุงูุงุณูุงู', 4, 1, '395 ุงูู 1300', 'ูุทุนู ุจูุช ุงูุฃุณูุงู ูู ุทูุทุง ูุชุฎุตุต ูู ุชูุฏูู ุงููุฃูููุงุช ุงูุจุญุฑูุฉ ุงููุชููุนุฉุ ุจูุง ูู ุฐูู ุงูุฃุณูุงูุ ุงููุดุฑูุงุชุ ุงูุทูุงุฌูุ ุงูููุฑููุฉุ ุงูุดูุฑุจุฉุ ูุงูุตูุงูู. ููุน ุงููุทุนู ูู ููุทูุฉ ุงูุงุณุชุงุฏุ ุฃูุงู ุดุงุฑุน 306. ูุนูู ูููููุง ูู ุงูุณุงุนุฉ 10 ุตุจุงุญูุง ุญุชู 12 ููุชุตู ุงูููู.', 3.4, 'ุงูุงุณุชุงุฏุ ุฃูุงู ุดุงุฑุน 306ุ ูุญุงูุธุฉ\r\nุงูุบุฑุจูุฉ 31511', 'ุทุนุงู', 'https://lh5.googleusercontent.com/p/AF1QipPm8yZjwT6edRtN_UjPHNoXW4FNi6ClfG4qhCJC=w408-h306-k-no', '100 ุฅูู 500 ุฌููู', ''),
(126, 'ุจูุช ุงููุดููุงุช', 4, 1, '335 ุงูู 365', 'ููุน ูุทุนู \"ุจูุช ุงููุดููุงุช\" ูู ุทูุทุงุ ุชุญุฏูุฏูุง ูู ุดุงุฑุน ุงูุจุญุฑ ุฃูุงู ุญุฏููุฉ ุงูุทูู. ูุดุชูุฑ ุจุชูุฏูู ูุฌููุนุฉ ูุชููุนุฉ ูู ุงููุดุงูู ูุงููุฃูููุงุช ุงูุดุฑููุฉ. ููุฏู ุงููุทุนู ุนุฑูุถูุง ุฎุงุตุฉ ููุฅูุทุงุฑุ ูุซู \"ุงููู ูุงูู ูุนุฒู\" ุจุณุนุฑ 300 ุฌูููุ ู\"ุชุฑูููุฉ ุงูุดูุฑ\" ุจุณุนุฑ 305 ุฌููู. ุชุชุฑุงูุญ ุฃุณุนุงุฑ ุงููุฌุจุงุช ุงูุฃุฎุฑู ุจูู 335 ู365 ุฌููููุง.', 4.4, 'ุงูุฌูุดุ ุทูุทุง (ูุณู 2)ุ ูุฑูุฒ ุทูุทุงุ\r\nูุญุงูุธุฉ ุงูุบุฑุจูุฉ 31516', 'ุทุนุงู', 'https://lh5.googleusercontent.com/p/AF1QipPqXEcC8wLe00g7PSyoRqBsTGjKeQdu9gZcVLBR=w408-h306-k-no', '100 ุฅูู 500 ุฌููู', ''),
(127, 'ูุทุนู ุงุฏุฑูุณ', 4, 1, '5 ุงูู ุฃูุซุฑ', 'ูุทุนู ุฅุฏุฑูุณ ูู ุทูุทุงุ ุงููุงูุน ูู ุดุงุฑุน ุงูุงุณุชุงุฏ ุฃูุงู ุจูุงุจุฉ ุงูุงุณุชุงุฏุ ููุฏู ูุฌููุนุฉ ูุชููุนุฉ ูู ุงูุณูุฏููุดุงุช ูุงูุฃุทุจุงู ุงููุตุฑูุฉ. ุชุชุฑุงูุญ ุฃุณุนุงุฑ ุงูุณูุฏููุดุงุช ุจูู 3.50 ุฌููู ูุตุฑู ูุณูุฏููุด ุงูููู ู8 ุฌูููุงุช ูุณูุฏููุด ุงูููู ุจุงูุจูุถ ุงููุณููู. ูุนูู ุงููุทุนู ูููููุง ูู ุงูุณุงุนุฉ 12 ุธูุฑูุง ุญุชู 12 ููุชุตู ุงูููู.', 5.0, 'ููุทูุฉ ุงูุงุณุชุงุฏุ ุทูุทุง (ูุณู 2ุ ุุ ูุฑูุฒ ุทูุทุง', 'ุทุนุงู', 'https://lh5.googleusercontent.com/p/AF1QipNWbG2J3jAe9L31Yh8_JKt6Hz-cH9ttYtMszGB3=w408-h725-k-no', 'ุฃูู ูู 100 ุฌููู', ''),
(128, '& BolioBero cafรฉ\r\nrestaurant', 4, 1, '50 ุงูู 150', 'ููุน ูุทุนู ููุงููู \"BolioBero\" ูู ุทูุทุงุ ุชุญุฏูุฏูุง ูู ุดุงุฑุน ุงูุงุณุชุงุฏ ุฃูุงู ุดุงุฑุน 306. ููุฏู ุงููุทุนู ูุฌููุนุฉ ูุชููุนุฉ ูู ุงูุฃุทุจุงู ูุงููุดุฑูุจุงุช ูู ุฃุฌูุงุก ูุฑูุญุฉ. ูุนูู ูููููุง ูู ุงูุณุงุนุฉ 9 ุตุจุงุญูุง ุญุชู 1 ุจุนุฏ ููุชุตู ุงูููู.', 4.1, 'ุงูุงู ุด306ุ ุดุงุฑุน ุงูุงุณุชุงุฏุ ุทูุทุง\r\nูุญุงูุธุฉ ุงูุบุฑุจูุฉ ', 'ุทุนุงู', 'https://lh5.googleusercontent.com/p/AF1QipMH8oG6_Bs85HeS6xyHY1OmR_GvsH4wbOGtIHw=w408-h544-k-no', 'ุฃูู ูู 100 ุฌููู', ''),
(129, 'Meat Zone', 4, 1, '65 ุงูู 150', 'ููุน ูุทุนู \"Meat Zone\" ูู ุทูุทุงุ ุชุญุฏูุฏูุง ูู ุดุงุฑุน ุงูุงุณุชุงุฏ ุฃูุงู ุงูููู ุงูุนุงููุฉ ูุงููุฌุฑุฉ. ููุฏู ุงููุทุนู ูุฌููุนุฉ ูุชููุนุฉ ูู ุงููุดุงูู ูุงูุฃุทุจุงู ุงูุดุฑููุฉ. ุชุชุฑุงูุญ ุฃุณุนุงุฑ ุงูุฃุทุจุงู ุจูู 65 ู150 ุฌููููุง ูุตุฑููุงุ ุญูุซ ููุฏู ุนุฑูุถูุง ูุซู ูุตู ูุฑุฎุฉ ูุน 250 ุฌุฑุงู ููุชุฉ ุถุงูู ุจุณุนุฑ 115 ุฌููููุง ุจุฏููุง ูู 150 ุฌููููุงุ ููููุณ \"Meat Zone\" ุจุณุนุฑ 65 ุฌููููุง ุจุฏููุง ูู 90 ุฌููููุง. ', 5.0, 'ุงูุงุณุชุงุฏ _ ุงุฎุฑ ุณูุฑ ุงูุงุณุชุงุฏ - ุงูุงู ุงูููู ุงูุนุงููู,\r\nูุงููุฌุฑู, ูุญุงูุธุฉ ุงูุบุฑุจูุฉ 31511', 'ุทุนุงู', 'https://lh5.googleusercontent.com/p/AF1QipNUKiCqMFray0QdRdDqZRBRwqj_v3UlgbD_A2aa=w426-h240-k-no', '100 ุฅูู 500 ุฌููู', ''),
(130, 'ูุทุนู ุงููุจ ', 4, 1, '5 ุงูู ุฃูุซุฑ', 'ููุน ูุทุนู \"ุฃููุจ\" ูู ุทูุทุง ุฃูุงู ุญุฏููุฉ ุงูุทูู. ููุฏู ุงููุทุนู ุฃุทุจุงููุง ูุซู ุงูููู ูุงูุทุนููุฉ.', 4.6, '23 ุดุงุฑุน ุงูุงุณุชุงุฏุ ุทูุทุง (ูุณู 2)ุ ูุฑูุฒ\r\nุทูุทุงุูุญุงูุธุฉ ุงูุบุฑุจูุฉ', 'ุทุนุงู', 'https://lh5.googleusercontent.com/p/AF1QipN44NMOp8cg7pnHkMTnw-B6-xL_7uP5cBuCMRmx=w408-h306-k-no', 'ุฃูู ูู 100 ุฌููู', ''),
(131, 'Sdo2do2 - ุณูุฏูุฏู', 4, 1, '35 ุงูู ุฃูุซุฑ', 'ููุฏู ุงููุทุนู ูุฌููุนุฉ ูุชููุนุฉ ูู ุงูุณูุฏููุดุงุช ูุงูุฃุทุจุงู ุงููุตุฑูุฉุ ุจูุง ูู ุฐูู ุงููุจุฏุฉุ ุงูุณุฌูุ ุงูุญูุงูุดูุ ูุงูุดุงูุฑูุง. ุชุชุฑุงูุญ ุฃุณุนุงุฑ ุงูุณูุฏููุดุงุช ุจูู 35 ู90 ุฌููููุง ูุตุฑููุงุ ุจูููุง ุชุชุฑุงูุญ ุฃุณุนุงุฑ ุงููุฌุจุงุช ุจูู 179 ู380 ุฌููููุง ูุตุฑููุง.', 5.0, 'ุทูุทุง ุ ููุทูุฉ ุงูุฅุณุชุงุฏ ุ ุฃูุงู ุญูููุงุช\r\nุฏูุจ ููุณุชุดูู ุงุจู ุณููุงุ', 'ุทุนุงู', 'https://lh5.googleusercontent.com/p/AF1QipNFVxWZAdGxeC5jOSdEY6JUt-FbcpIDibFWy6dJ=w408-h397-k-no', '100 ุฅูู 500 ุฌููู', ''),
(132, 'Trend Crepe', 4, 1, '10 ุงูู 200', 'ูุทุนู Trend Crepe ููุน ูู ุดุงุฑุน ุงูุฌูุดุ ุทูุทุง (ูุณู 2)ุ ุทูุทุงุ ุงูุบุฑุจูุฉ.\r\nููุฏู ุงููุทุนู ูุฌููุนุฉ ูุชููุนุฉ ูู ุงููุฑูุจ (ุงูุญูู ูุงูุญุงุฏู)ุ ุจุงูุฅุถุงูุฉ ุฅูู ุงูุณูุฏููุดุงุช ูุงููุฃูููุงุช ุงูุณุฑูุนุฉ.', 4.0, 'ุงูุฌูุดุ ุทูุทุง (ูุณู 2)ุ ุทูุทุงุ ุงูุบุฑุจูุฉุ\r\nุทูุทุง (ูุณู 2)ุ', 'ุทุนุงู', 'https://lh5.googleusercontent.com/p/AF1QipNUg7ZXqahWDXIvAA65zKtpDA6ZtWRdqvLmsIWB=w408-h544-k-no', 'ุฃูู ูู 100 ุฌููู', ''),
(133, 'ูุทุนู ุฃู ูุญูุฏ ูููุดููุงุช\r\nู ุงูุทูุงุฌู', 4, 1, '100 ุงูู ุฃูุซุฑ', 'ููุน ูุทุนู \"ุฃู ูุญูุฏ\" ูู ุทูุทุงุ ุชุญุฏูุฏูุง ูู 2 ุดุงุฑุน ุงููุงุชุญุ ุจุฑุฌ ุงูุฒูุฑุงุก. ูุดุชูุฑ ุงููุทุนู ุจุชูุฏูู ูุฌููุนุฉ ูุชููุนุฉ ูู ุงููุดุงููุ ุงูุทูุงุฌูุ ุงููุญุงุดูุ ูุงููุฌุจุงุช ุงููุตุฑูุฉ ุงูุฃุตููุฉ.', 3.9, 'ุดุงุฑุน ุงููุงุชุญ ุงูุงู ุณูู ุงูุฌููุฉุ ุทูุทุง\r\n(ูุณู 1ุ ุทูุทุง ูุญุงูุธุฉ ุงูุบุฑุจูุฉ', 'ุทุนุงู', 'https://lh5.googleusercontent.com/p/AF1QipPn46VYrayMZlcKUdGZYN_rVKeHmcFCHFD9x98d=w408-h306-k-no', '100 ุฅูู 500 ุฌููู', ''),
(134, 'ูุทุนู ุฌููุงู', 4, 1, '25 ุงูู ุฃูุซุฑ', 'ููุน ูุทุนู ููุงููู \"ุฌููุงู\" ูู ุทูุทุงุ ุชุญุฏูุฏูุง ุนูุฏ ูุฒูุฉ ููุจุฑู ุงูุงุณุชุงุฏ. ููุนุฏ ุฌุฒุกูุง ูู ููู \"ุฌููุงู\"ุ ุงูุฐู ูุถู ูุทุงุนูุ ูุงูููุงุชุ ููุงูู ููุฃุทูุงูุ ูุงุนุงุช ุณูููุงุ ููุงุนุงุช ุฃูุฑุงุญ. ููุฏู ุงููุทุนู ูุฌููุนุฉ ูุชููุนุฉ ูู ุงูุฃุทุจุงู ูุงููุดุฑูุจุงุช ูู ุฃุฌูุงุก ุฑุงููุฉ.', 4.1, 'ุงูุฌูุดุ ุทูุทุง (ูุณู 2)ุ ุทูุทุงุุ ูุญุงูุธุฉ ุงูุบุฑุจูุฉ', 'ุทุนุงู', 'https://lh5.googleusercontent.com/p/AF1QipOPAAkj614LZNcjy1JASHqsIEZYjBMW0undpHTQ=w408-h306-k-no', 'ุฃูู ูู 100 ุฌููู', ''),
(135, 'ูุทุนู ุณูุณู ุจุงูู\r\nSemsem Bike', 4, 1, '20 ุงูู ุฃูุซุฑ', 'ููุน ูุทุนู \"ุณูุณู ุจุงูู\" ูู ุทูุทุงุ ุชุญุฏูุฏูุง ูู ุนูุงุฑุงุช ุงููุญุงูุธุฉ ุจุดุงุฑุน ุงูุฌูุดุ ููุทูุฉ ุงูุงุณุชุงุฏ. ููุนุชุจุฑ ูู ุฃูุงุฆู ุนุฑุจุงุช ุงูุทุนุงู ูู ุงููุฏููุฉุ ููุดุชูุฑ ุจุชูุฏูู ูุฃูููุงุช ุงูุดุงุฑุน ุจุฌูุฏุฉ ููุธุงูุฉ ุนุงููุฉ.', 3.4, 'ุงูุงุณุชุงุฏ - ุงูุงู ุงุฎุฑ ุจูุงุจุฉ ูู ุณูุฑ ุงูุงุณุชุงุฏ\r\nููุฏุฑูุฉ ุงูุดุจุงุจ ูุงูุฑูุงุถุฉ', 'ุทุนุงู', 'https://lh5.googleusercontent.com/p/AF1QipO5fm_LbAMBJN2nd9gv1RripVyKLL59F17ERFqM=w408-h612-k-no', 'ุฃูู ูู 100 ุฌููู', ''),
(136, 'ููุงูุณุชุง ุงูุงุณุชุงุฏ\r\nkonafesta', 4, 1, '100 ุงูู 200', 'ููุน ูุทุนู \"ููุงูุณุชุง\" ูู ุทูุทุงุ ููุดุชูุฑ ุจุชูุฏูู ูุฌููุนุฉ ูุชููุนุฉ ูู ุงูุญูููุงุช ุงูุดุฑููุฉุ ุฎุงุตุฉ ุงูููุงูุฉ ุจุฃุตูุงููุง ุงููุฎุชููุฉ. ูุชููุฒ ุงููุทุนู ุจุฌูุฏุฉ ุนุงููุฉ ูู ุชูุฏูู ุงูุญูููุงุชุ ูููุนุฏ ูุฌูุฉ ููุถูุฉ ููุญุจู ุงูููุงูุฉ ูู ุงูููุทูุฉ.', 0.0, 'Cornish Alestad, ุทูุทุง (ูุณู 2)ุ ูุฑูุฒ ุทูุทุงุ\r\nูุญุงูุธุฉ ุงูุบุฑุจูุฉ ', 'ุทุนุงู', 'https://lh5.googleusercontent.com/p/AF1QipPmmiQXK1y1Tl2iAi9xXFOWvQOP2FPzeg_HJqRi=w426-h240-k-no', '100 ุฅูู 500 ุฌููู', ''),
(137, 'ูุทุนู ูุงุญุฏ ููู', 4, 1, '5 ุงูู ุฃูุซุฑ', 'ูู ูุทุนู ุดุนุจู ุจููุฏู ุงููุงุช ุดุนุจูู ูุตุฑูู ุฒู ุงูููู ูุงูุทุนููู ูุงููุณูุนู ูุงูุจุทุงุทุณ ูุงูุจุงุฐูุฌุงู ูุบูุฑูุง ูู ุงูุงููุงุช ุงูุดุนุจูู ุงููุตุฑูู ุงููุนุฑููู ุจุงููุณุจู ููุฃุณุนุงุฑ ููู ูุชูุณุทู ูุชูุงููู ุฅูู ุญุฏ ูุง ููุฌูุฏู ุงููู ุจููุฏููุง ุงููุทุนู ูุงูููุงู ุฅูู ุญุฏ ูุง ูููุณ ูููู ูุง ูุฎูู ุฃูุถุง ูู ุจุนุถ ุงูุณูุจูุงุช ููู ุงูุถุง ุฅูุฌุงุจูุงุช ุฒู ูุง ูู ุณูุจูุงุช ูููู ุชููููู ูู ุจูุฌู ุนุงู ููู ูููุณ ููุด ูุญุด ูุงุญุณู ูู ุจุนุถ ุงููุทุงุนู ุงูุฃุฎุฑู.', 3.4, '115 ุงูุฌูุดุ ุทูุทุง (ูุณู 2)ุ ุ ุทูุทุงุ\r\nูุญุงูุธุฉ ุงูุบุฑุจูุฉ 6634001', 'ุทุนุงู', 'https://lh5.googleusercontent.com/p/AF1QipMywcnZK8GlhDrdfh2eDyRE6Ferr_w1HWpkNpfG=w426-h240-k-no', 'ุฃูู ูู 100 ุฌููู', ''),
(138, 'Toskanini Restaurant\r\nand Cafe', 4, 1, '100 ุงูู 2200', 'ููุน ูุทุนู ููุงููู \"ุชูุณูุงูููู\" ูู ุทูุทุงุ ุชุญุฏูุฏูุง ูู ููุทูุฉ ุงูุงุณุชุงุฏ ุจุนุฏ ูุณุชุดูู ุงูููุงูุฉ. ููุฏู ุงููุทุนู ูุฌููุนุฉ ูุชููุนุฉ ูู ุงูุฃุทุจุงูุ ุจูุง ูู ุฐูู ุงููุดุงููุ ุงูููุฑููุฉุ ุงูุณุงูุฏูุชุดุงุชุ ุงูุจูุชุฒุงุ ูุงูุจุฑุฌุฑ. ููุนุฑู ุจุฃุฌูุงุฆู ุงููุฑูุญุฉ ูุงูููุงุฆูุฉ ููุนุงุฆูุงุช.', 4.0, 'RX9R+5JMุ ุทุฑูู ุฎุฑุณูุช ุงูุฌุฏูุฏุ ุทูุทุง (ูุณู 2)ุ\r\nูุฑูุฒ ุทูุทุงุ ูุญุงูุธุฉ ุงูุบุฑุจูุฉ 6645652', 'ุทุนุงู', 'https://lh5.googleusercontent.com/p/AF1QipNGQ7p8GdCPuiZd7VsvpXpf3mhHzz4EXXrTqOYo=w426-h240-k-no', '100 ุฅูู 500 ุฌููู', ''),
(139, 'ุญุถุฑููุช ุงูุฏูุดูู', 4, 1, '50 ุงูู ุฃูุซุฑ', 'ููุน ูุทุนู \"ุญุถุฑููุช ุงูุฏูุดูู\" ูู ุทูุทุงุ ุนูุฏ ุชูุงุทุน ุดุงุฑุน ุงูุจุญุฑ ูุน ุดุงุฑุน ุทู ุงูุญูููุ ุจุฌูุงุฑ ุตูุฏูุงูู. ูุดุชูุฑ ุงููุทุนู ุจุชูุฏูู ุงููุฃูููุงุช ุงูุดุฑููุฉุ ุฎุงุตุฉ ุงููุดุงูู ูุงูุทูุงุฌู.', 3.9, 'ุดุงุฑุน ุงูุจุญุฑ ูุน ุทู ุงูุญููู, ุทูุทุง (ูุณู 2)ุ\r\nูุณู ุฃูู ุทูุทุงุ ูุญุงูุธุฉ ุงูุบุฑุจูุฉ', 'ุทุนุงู', 'https://lh5.googleusercontent.com/p/AF1QipNVjHXePYLWm6BaZYP-mnej70BYzICFKy5K5Ccu=w408-h306-k-no', '100 ุฅูู 500 ุฌููู', ''),
(140, 'Midan Alsham\r\n- ููุฏุงู ุงูุดุงู', 4, 1, '40 ุงูู ุฃูุซุฑ', 'ููุน ูุทุนู \"ููุฏุงู ุงูุดุงู\" ูู ุทูุทุงุ ูููุนุฏ ูู ุงููุทุงุนู ุงูุณูุฑูุฉ ุงูุดููุฑุฉ ูู ุงููุฏููุฉุ ุญูุซ ููุฏู ูุฌููุนุฉ ูุชููุนุฉ ูู ุงูุฃุทุจุงู ุงูุณูุฑูุฉ ุงูุฃุตููุฉ.', 3.9, ' city club, ุงูุงุณูุชููุงุฏุ ุทูุทุง (ูุณู 2)ุ ูุณู ', 'ุทุนุงู', 'https://lh5.googleusercontent.com/p/AF1QipOIftfkUeETgA7MkNtd1YAD3FwV4PdAzfe6HIGS=w408-h541-k-no', 'ุฃูู ูู 100 ุฌููู', ''),
(141, 'ูุทุงุนู ุนู ุญูุฒุฉ', 4, 1, '50 ุงูู 150', 'ููุน ูุทุนู \"ุนู ุญูุฒุฉ\" ูู ุทูุทุงุ ุชุญุฏูุฏูุง ูู ููุทูุฉ ุงูุงุณุชุงุฏ ุฃูุงู ุญุฏููุฉ ุงูุทูู ุฏุงุฎู ูุงุฏู ูุงุชุฑููุณ. ูุดุชูุฑ ุงููุทุนู ุจุชูุฏูู ูุฌููุนุฉ ูุชููุนุฉ ูู ุงููุดุงููุ ุงูุจุฑุฌุฑุ ูุงูุฏุฌุงุฌ ุงููููู.', 4.1, 'ุงูุงุณูุชููุงุฏุ ุทูุทุง (ูุณู 2)ุ ูุฑูุฒ ุทูุทุงุ', 'ุทุนุงู', 'https://lh5.googleusercontent.com/p/AF1QipPF3jdoIqFeicJGfIMwBrHtKMmoQ4c2x2rKEHFf=w408-h408-k-no', 'ุฃูู ูู 100 ุฌููู', ''),
(142, 'ุญูููุงุช ุฏูุจ ุทูุทุง', 4, 1, '20 ุงูู ุฃูุซุฑ', 'ุญูููุงุช \"ุฏูุจ\" ูู ุทูุทุง ุชุดุชูุฑ ุจุชูุฏูู ูุฌููุนุฉ ูุชููุนุฉ ูู ุงูุญูููุงุช ุงูุดุฑููุฉ ูุงูุบุฑุจูุฉุ ูุน ุงูุชุฑููุฒ ุนูู ุญููู \"ุงููุฏูุนุฉ\" ุงูุดููุฑุฉ.\r\nุฃุดูุฑ ุงูุฃุตูุงู:\r\nุงููุฏูุนุฉ: ุญููู ุชุฌูุน ุจูู ุงูููุงูุฉุ ุงูุจุณุจูุณุฉุ ูุงููุดุทุฉุ ูุบุทุงุฉ ุจุตูุต ุงููุฑุงููู ูุงูุดููููุงุชุฉ.\r\nุงูููุงูุฉ: ุจุฃููุงุนูุง ุงููุฎุชููุฉ.\r\nุงูุจุณุจูุณุฉ: ุจุฃููุงุนูุง ุงููุฎุชููุฉ.\r\nุงููุญู ูุงูุจุณูููุช: ุฎุงุตุฉ ูู ุงูููุงุณุจุงุช.', 4.5, 'ุงูุฌูุดุ ุทูุทุง (ูุณู 2)ุ ูุฑูุฒ ุทูุทุงุ\r\nูุญุงูุธุฉ ุงูุบุฑุจูุฉ 6634023', 'ุทุนุงู', 'https://lh5.googleusercontent.com/p/AF1QipMzQYoAsyhHHQghR8HdhF_cDY4AxVQ-4GtUae1I=w408-h295-k-no', 'ุฃูู ูู 100 ุฌููู', ''),
(143, 'ูุทุนู ุฅุจู ูุฑู', 4, 1, '20 ุงูู ุฃูุซุฑ', 'ููุน ูุทุนู \"ุงุจู ูุฑู\" ูู ุทูุทุงุ ุชุญุฏูุฏูุง ูู ุดุงุฑุน ุงูุฌูุงุก ุฃูุงู ุดุงุฑุน ุงูุญูู ุจุฌูุงุฑ ููู ุงูููุฒ. ูุดุชูุฑ ุงููุทุนู ุจุชูุฏูู ุงููุดุงูู ูุงููุฃูููุงุช ุงููุตุฑูุฉ ุงูุฃุตููุฉุ ุจุงูุฅุถุงูุฉ ุฅูู ุชุฎุตุตู ูู ุชูุฏูู \"ุงูุชูุงุทูุน\" ูุซู ุงูููุงุฑุน.', 4.0, 'ุตูุฏููู ุจูุงูุ ุงูุฌูุงุกุ ุทูุทุงุ ุงูุบุฑุจูุฉุ\r\nูุตุฑ ุจุฌูุงุฑุ ุงูุฌูุงุก', 'ุทุนุงู', 'https://lh5.googleusercontent.com/p/AF1QipPsFF36yWzEdUof4-boIU6qSeydKDefNw0qr51d=w408-h725-k-no', 'ุฃูู ูู 100 ุฌููู', ''),
(144, 'ูุทุนู ุณูุณุจูู', 4, 1, '5 ุงูู 100', 'ููุน ูุทุนู \"ุณูุณุจูู\" ูู ุทูุทุงุ ุชุญุฏูุฏูุง ูู ุดุงุฑุน ุงูุจุญุฑ ุฃูุงู ุงูุงุณุชุงุฏ. ูููุฏู ุงููุทุนู ูุฌููุนุฉ ูุชููุนุฉ ูู ุงููุฃูููุงุช ุงููุตุฑูุฉ ุงูุดุนุจูุฉุ ุจูุง ูู ุฐูู ุงููููุ ุงูููุงููุ ุงููุดุฑูุ ูุงูุณุงูุฏูุชุดุงุช ุงููุชููุนุฉ. ููุนุฑู ุงููุทุนู ุจุฌูุฏุฉ ุฃุทุจุงูู ูุฃุณุนุงุฑู ุงูููุงุณุจุฉ.', 3.8, 'ุดุงุฑุน ุงูุจุญุฑ ุฃูุงู ุงูุงุณุชุงุฏุ (ูุณู 1)ุ\r\nุทูุทุงุ ูุญุงูุธุฉ ุงูุบุฑุจูุฉ', 'ุทุนุงู', 'https://lh5.googleusercontent.com/p/AF1QipPMUDHB84n69Q56ljOW6EA6M6yseGV5guEmKc03=w408-h278-k-no', 'ุฃูู ูู 100 ุฌููู', ''),
(145, 'STEREO', 4, 1, '50 ุงูู ุฃูุซุฑ', 'ููุน ูุทุนู ููุงููู \"ุณุชูุฑูู\" ูู ุทูุทุงุ ุชุญุฏูุฏูุง ูู ุดุงุฑุน ุจุทุฑุณุ ุชูุงุทุน ุดุงุฑุน ุงููุงุตุฑ ูุน ุดุงุฑุน ุงูุญูู. ูููุฏู ุงููุทุนู ูุฌููุนุฉ ูุชููุนุฉ ูู ุงูุฃุทุจุงู ุงูุนุงูููุฉ ูุงูุฅูุทุงููุฉุ ุจูุง ูู ุฐูู ุงูุจูุชุฒุงุ ุงูุจุงุณุชุงุ ูุงูุฑูุฒูุชู. ูุชููุฒ ุงููุทุนู ุจุฃุฌูุงุก ูุฑูุญุฉ ูุฏูููุฑุงุช ุญุฏูุซุฉ.', 4.4, 'ุดุงุฑุน ุจุทุฑุณุ ุทูุทุง (ูุณู 2)ุ ูุฑูุฒ ุทูุทุง', 'ุทุนุงู', 'https://lh5.googleusercontent.com/p/AF1QipPcNkKPPJFGSrTc4_vgtg6sDx6_Q2WkP_b2-SrF=w408-h271-k-no', 'ุฃูู ูู 100 ุฌููู', ''),
(146, 'ูุทุนู ููุญ', 4, 1, '5 ุงูู 100', 'ูููุฏู ุงููุทุนู ูุฌููุนุฉ ูุชููุนุฉ ูู ุงูุฃุทุจุงู ุงููุตุฑูุฉุ ูุน ุงูุชุฑููุฒ ุนูู ุงูููู ูุงูููุงูู. ุชุชุถูู ูุงุฆูุฉ ุงูุทุนุงู ุณุงูุฏูุชุดุงุช ุงูููู ูุงูุทุนููุฉ ุจุทุฑู ุชุญุถูุฑ ูุฎุชููุฉุ ูุซู \"ููู ููุญ\" ู\"ุทุนููุฉ ููุญ\".\r\nุชุชุฑุงูุญ ุฃุณุนุงุฑ ุงูุณุงูุฏูุชุดุงุช ุจูู 5 ู15 ุฌููููุง ูุตุฑููุงุ ุญุณุจ ุงูููููุงุช ูุงูุญุฌู.', 4.1, 'RX7V+J73 ุงูุงู ุงุฎุฑ ุจูุงุจุฉ ูู ุณูุฑ ุงูุงุณุชุงุฏ\r\nููุฏุฑูุฉ ุงูุดุจุงุจ ุดุงุฑุน ุงูุงุณุชุงุฏ', 'ุทุนุงู', 'https://lh5.googleusercontent.com/p/AF1QipNuQbHNkHC0el82j8JAjtP5NNn9j9V6WPgocTk=w408-h544-k-no', 'ุฃูู ูู 100 ุฌููู', ''),
(161, 'ูุทุนู ุงูุขูุงุจุฑ', 1, 1, '30', 'ุทุนุงู ูุฐูุฐ ูู ููุจูุฐ', 3.8, 'ุงูููุตูุฑู ุดุงุฑุน ุงุญูุฏ ูุงูุฑ', 'ุทุนุงู', 'https://www.publicdomainpictures.net/pictures/200000/velka/restaurant-14744452374ck.jpg', 'ุฃูู ูู 100 ุฌููู', ''),
(162, 'ุญุฏุงุฆู ุงูุฒูุชูู', 1, 2, '50', 'ุญุฏุงุฆู ุงูุฒูุชูู ูู ุงุดูุฑ ุงูุญุฏุงุฆู ุงูุชู ูุญุจูุง ุงูุฃุทูุงู.', 3.8, 'ุงููุงูุฑู ูุณุท ุงูุจูุฏ', 'ุชุฑููู', 'https://www.publicdomainpictures.net/pictures/200000/velka/restaurant-14744452374ck.jpg', 'ุฃูู ูู 100 ุฌููู', ''),
(163, 'ูุทุนู ููุนู', 2, 1, '100', 'ูุทุนู ุชูุจ ุงูุชูุจ', 3.8, 'ุดุฑุจูู ุดุงุฑุน ุจุงุชุง', 'ุทุนุงู', 'https://www.publicdomainpictures.net/pictures/200000/velka/restaurant-14744452374ck.jpg', '1000 ุฅูู 1500 ุฌููู', ''),
(164, 'ูุทุนู ุงุจู ุนุจุฏู', 1, 1, '100', 'ูุทุนู ุงุจู ุนุจุฏู ูุฌููุน ุงููุงุน ุงููุดููุงุช๐๐', 3.8, 'ุงููุงูุฑู ูุณุท ุงูุจูุฏ', 'ุทุนุงู', 'https://www.publicdomainpictures.net/pictures/200000/velka/restaurant-14744452374ck.jpg', 'ุฃูู ูู 100 ุฌููู', ''),
(165, 'restaurant(Continue &Stop)', 2, 1, '100', 'ูุทุนู continue and stop  ูู ุงููุทุงุนู ุงููุดููุฑู ุฌุฏุง ูู ูุฏููุฉ ุงูููุตูุฑุฉ ุฌุฑุจ ุชุฒูุฑู ุงูุขู ููุด ูุชูุฏู๐๐ฅฐ', 3.8, 'ุงูููุตูุฑู ุดุงุฑุน ุงุญูุฏ ูุงูุฑ', 'ุทุนุงู', 'https://images.unsplash.com/photo-1517248135467-4c7edcad34c4', 'ุฃูู ูู 100 ุฌููู', ''),
(166, 'ูุทุนู ุฃุจู ุนูู๐ฅ', 2, 1, '40', 'ูุทุนู ุฃุจู ุนูู ูู ุงุดูุฑ ุงููุทุงุนู ูู ุงูููุตูุฑุฉ ูุชูุฏูู ุงููุดููุงุช๐ฅ๐ฅฐ', 3.8, 'ุงูููุตูุฑู ุดุงุฑุน ุงุญูุฏ ูุงูุฑ', 'ุทุนุงู', 'https://images.unsplash.com/photo-1517248135467-4c7edcad34c4', 'ุฃูู ูู 100 ุฌููู', ''),
(167, 'ูุทุนู ุงููุญูุฏู', 3, 1, '100', 'ุทุนุงู ูุฐูุฐ ูู ููุจูุฐ', 3.8, 'ุงูุงุณููุฏุฑูู ุฃุจู ููุฑ', 'ุทุนุงู', 'https://images.unsplash.com/photo-1517248135467-4c7edcad34c4', 'ุฃูู ูู 100 ุฌููู', ''),
(168, 'ูุทุนู ุฃุจู ุนูู', 2, 1, '100', 'ุทุนุงู ูุฐูุฐ ูู ููุจูุฐ', 3.8, 'ุงูููุตูุฑู ุดุงุฑุน ุงุญูุฏ ูุงูุฑ', 'ุทุนุงู', 'https://images.unsplash.com/photo-1517248135467-4c7edcad34c4', 'ุฃูู ูู 100 ุฌููู', ''),
(169, 'ูุทุนู ุฃุจู ุจูุฑ', 2, 1, '100', 'ุทุนุงู ูุฐูุฐ ูู ููุจูุฐ', 3.8, 'ุงูููุตูุฑู ุดุงุฑุน ุงุญูุฏ ูุงูุฑ', 'ุทุนุงู', 'https://images.unsplash.com/photo-1517248135467-4c7edcad34c4', 'ุฃูู ูู 100 ุฌููู', ''),
(170, 'ูุทุนู ุฃุจู ููุฑ', 3, 1, '100', 'ุทุนุงู ูุฐูุฐ ูู ููุจูุฐ', 3.8, 'ุงูุงุณููุฏุฑูู ุฃุจู ููุฑ', 'ุทุนุงู', 'https://images.unsplash.com/photo-1517248135467-4c7edcad34c4', 'ุฃูู ูู 100 ุฌููู', ''),
(171, 'ูุทุนู ุงููุญูุฏู ุงูุฃุตูู', 3, 1, '100', 'ุทุนุงู ูุฐูุฐ ูู ููุจูุฐ', 3.8, 'ุงูุงุณููุฏุฑูู ุฃุจู ููุฑ', 'ุทุนุงู', 'https://images.unsplash.com/photo-1517248135467-4c7edcad34c4', 'ุฃูู ูู 100 ุฌููู', ''),
(172, 'ูุทุนู ุงุจู ุนุจุฏู', 2, 1, '100', 'ุทุนุงู ูุฐูุฐ ุฌุฏุงโค๏ธ๐ฅฐ', 3.8, 'ุงูููุตูุฑู ุดุงุฑุน ุงุญูุฏ ูุงูุฑ', 'ุทุนุงู', 'https://images.unsplash.com/photo-1517248135467-4c7edcad34c4', '100 ุฅูู 500 ุฌููู', ''),
(173, 'ูุทุนู ุฃุจู ุนูู', 2, 1, '50', 'ุทุนุงู ูุฐูุฐ ุฌุฏุง โค๏ธ๐', 3.8, 'ุงูููุตูุฑู ุดุงุฑุน ุงุญูุฏ ูุงูุฑ', 'ุทุนุงู', 'https://images.unsplash.com/photo-1517248135467-4c7edcad34c4', 'ุฃูู ูู 100 ุฌููู', ''),
(174, 'ูุทุนู ุงุจู ุนูุฑ', 1, 1, '50', 'ููุฏู ุฃุฌูุฏ ุฃููุงุน ุงููุดููุงุช ูุงููุญูู๐โค๏ธ', 3.8, 'ุงูููุตูุฑู ุดุงุฑุน ุงุญูุฏ ูุงูุฑ', 'ุทุนุงู', 'https://images.unsplash.com/photo-1517248135467-4c7edcad34c4', 'ุฃูู ูู 100 ุฌููู', ''),
(175, 'ูุทุนู ุนุจุฏู ุณููุฑ๐ฅ', 2, 1, '30', 'ูุทุนู ุดุงูุฑูุง ุณูุฑู ููุฏู ุงุฌูุฏ ุงูุงููุงุน ูู ุงููุญูู๐', 3.8, 'ุงูููุตูุฑู ุดุงุฑุน ุงุญูุฏ ูุงูุฑ', 'ุทุนุงู', 'https://images.unsplash.com/photo-1517248135467-4c7edcad34c4', 'ุฃูู ูู 100 ุฌููู', ''),
(176, 'ูุทุนู ุฃุจู ุนูู', 2, 1, '20', 'ูุทุนู ุณูุฑู ูููุฌุจุงุช ุงูุณุฑูุนุฉ', 3.8, 'ุงูููุตูุฑู ุดุงุฑุน ุงุญูุฏ ูุงูุฑ', 'ุทุนุงู', 'https://images.unsplash.com/photo-1517248135467-4c7edcad34c4', 'ุฃูู ูู 100 ุฌููู', '');

-- --------------------------------------------------------

--
-- Table structure for table `users`
--

CREATE TABLE `users` (
  `id` int(11) NOT NULL,
  `name` varchar(100) NOT NULL,
  `email` varchar(150) NOT NULL,
  `password` varchar(255) NOT NULL,
  `created_at` timestamp NOT NULL DEFAULT current_timestamp(),
  `reset_token` varchar(255) DEFAULT NULL,
  `reset_token_expiry` datetime DEFAULT NULL,
  `google_id` varchar(255) DEFAULT NULL,
  `updated_at` timestamp NOT NULL DEFAULT current_timestamp() ON UPDATE current_timestamp()
) ENGINE=InnoDB DEFAULT CHARSET=utf8mb4 COLLATE=utf8mb4_general_ci;

--
-- Dumping data for table `users`
--

INSERT INTO `users` (`id`, `name`, `email`, `password`, `created_at`, `reset_token`, `reset_token_expiry`, `google_id`, `updated_at`) VALUES
(1, 'Ahmed Omar', 'ahmedomar22@gmail.com', '$2y$10$zO1U4iI1wF3bItFfELoGmefPsU2lMmfMDCMTINdbEz/rvt3cqfE2K', '2024-12-02 16:33:14', NULL, NULL, NULL, '2025-05-15 12:56:12'),
(2, 'Mohamed Omar', 'mohammedomar14@gmail.com', '$2y$10$mSKn2u1vXC50DITg1uMJH.bKH5xBu90bIR5xuucb9eU2zcJmXM6W2', '2024-12-02 16:34:21', NULL, NULL, NULL, '2025-05-15 12:56:12'),
(3, 'Mostafa Mahmoud', 'mostafa2002@gmail.com', '$2y$10$0F03MqK532Ys9kP74GKeoeEqS4sstuqTsIYwt8p1VU/aQXBsEziNS', '2024-12-02 17:08:09', NULL, NULL, NULL, '2025-05-15 12:56:12'),
(5, 'Menna Ahmed', 'menna2003@gmail.com', '$2y$10$AUDHzCd2Pj5LkYzgHZgxDuRT8B0sxmvGES0O2faPrVVLVzh2NkGI6', '2024-12-02 17:11:18', NULL, NULL, NULL, '2025-05-15 12:56:12'),
(6, 'Omar Ali', 'omar2006@gmail.com', '$2y$10$ElvUDjG6/luDOmzupaaiuedFqEfICWfbk.jXVT7Eqairj6Z6A34KO', '2024-12-02 17:31:16', NULL, NULL, NULL, '2025-05-15 12:56:12'),
(7, 'Sasa Ali', 'sasa2005@gmail.com', '$2y$10$HTAsSKANNCP4Pv3tHb6rL.TYkTp6Insiyy7tFW1ytp/DfJ2jr3Dc6', '2024-12-02 17:33:09', NULL, NULL, NULL, '2025-05-15 12:56:12'),
(8, 'Ragab Ayman', 'ragab22@gmail.com', '$2y$10$JtpTIsjq432FbF8fPWKqU.sB7ogT6LQPBRmoyehEFBYRVCn6C0Q5i', '2024-12-04 15:41:16', NULL, NULL, NULL, '2025-05-15 12:56:12'),
(9, 'Ibrahim Omar', 'ibrahim@gmail.com', '$2y$10$c5StFC54APmGG8KkDarn8OJ.5eh5ypeVgR/MGtIIUOyCA53CzDbVi', '2024-12-13 18:11:06', NULL, NULL, NULL, '2025-05-15 12:56:12'),
(11, 'abdo samir', 'bode747427@gmail.com', '$2y$10$xaVe8TIGmitBLe4sN4Jj7ei4EBivceeFLWmzMzZu45Bxbr3Bpd8ou', '2024-12-16 07:48:42', NULL, NULL, NULL, '2025-05-15 12:56:12'),
(14, 'naser mansy', 'm7mdomar1917@gmail.com', '$2y$10$QPQVHmZdwH.HvHQJEniAyuTFNWFSNjk9nYT.nR9zGx5pzNzRymKVW', '2024-12-18 22:32:25', NULL, NULL, NULL, '2025-05-15 12:56:12'),
(15, 'Eman ashour', 'm7mdomar1911@gmail.com', '$2y$10$o2cnOzsmRNBucSfogiwf6uo7E6OkhjmocXMhwUYGLVVWNGjT1AObe', '2024-12-18 22:44:53', NULL, NULL, NULL, '2025-05-15 12:56:12'),
(16, 'ahmed omar', 'ahmedomarahlawy22@gmail.com', '$2y$10$3PvHtZhlvi1UglPxpyhM8eH88A80nRXdsuLAeR92krzWns8sHG00W', '2024-12-18 22:49:10', NULL, NULL, '104555087634111160845', '2025-05-18 20:14:44'),
(29, 'ahmed maher', 'ahmedmaher25@gmail.com', '$2y$10$JUoxTyQXVh8zTaUEKozw7.KIOvpBDkqqMVnFJxO3kKGLTv3TviIp.', '2025-01-25 18:31:08', NULL, NULL, NULL, '2025-05-15 12:56:12'),
(30, 'Ahmed Maher', 'ahmed22@gmail.com', '$2y$10$FK4gMhxol7s31OmGS3gsvOj/EfGy/cdKlq4HcZm5w/7B3DXUyAtd6', '2025-01-25 18:33:09', NULL, NULL, NULL, '2025-05-15 12:56:12'),
(31, 'Abo Omar', 'aboomar22@gmail.com', '$2y$10$zGZ6A2d/QgUfEVBDtG.4gu8VJZzlt2C6XmfKOxBna3r/EXeIgPm4C', '2025-01-25 18:38:20', NULL, NULL, NULL, '2025-05-15 12:56:12'),
(33, 'Karim Taha', 'karim22@gmail.com', '$2y$10$es4JZIYnepryGJ9Wtb1uKeCyZLS22sC2yhxrboIgL.jyLgja9weqS', '2025-01-26 08:19:08', NULL, NULL, NULL, '2025-05-15 12:56:12'),
(34, 'men3mAmr', 'abdelmonamamr21@gmail.com', '$2y$10$By7vWIxpceEQ9BppwBiGZeaXln8fJppjko/9KUaYuLPHqVNWDlrX.', '2025-04-30 15:58:29', NULL, NULL, NULL, '2025-05-18 20:18:21'),
(36, 'rafiqtest', 'RafiqApp.official@gmail.com', '$2y$10$aseb5hWYIHUuZ8XuhczzJu1F558k9t1gw.sB45lIenA8skhOk0QRy', '2025-04-30 17:07:08', NULL, NULL, NULL, '2025-05-15 12:56:12'),
(37, 'men3m', 'abdelmonamamr22@gmail.com', '$2y$10$eu688WTz4GPwvneJyCGWiOYClb7f6LprUcqdVIGS.SDL0Y5vKt4eK', '2025-04-30 17:10:01', '3808', '2025-04-30 21:16:22', NULL, '2025-05-15 12:56:12'),
(38, 'ahmed maher606', 'ahmedmaheruuee123@gmail.com', '$2y$10$EWlPPY5RfSsVB2NUL/4NaOrC0kFQWi2gsmB6MZFlEqRguH6PbLOwe', '2025-04-30 17:15:55', '9773', '2025-04-30 21:17:29', '114774028230480962283', '2025-05-15 13:02:51'),
(39, 'Ali Ahmed', 'ali1907@gmail.com', '$2y$10$8FcO0en4VF5C5J/bUXVMZ.9asR4R9WiiPwTKprT8b9Kbcj7kyECUK', '2025-05-08 12:05:50', NULL, NULL, NULL, '2025-05-15 12:56:12'),
(40, 'ahmed maher', 'ahmedmaher55@gmail.com', '$2y$10$e0BptjH1rDyQX2.jSmYk9.1qOyduI4KVfiyyA5RynVuOn/lrzBeuS', '2025-05-08 13:31:53', NULL, NULL, NULL, '2025-05-15 12:56:12'),
(41, 'ahmed ad', 'ad@gmail.com', '$2y$10$B1niox7Rf.O8.3gIkcIce.tkz/dBm2zqSvFZYdY7JTboB5vkSB2lG', '2025-05-08 14:09:44', NULL, NULL, NULL, '2025-05-15 12:56:12'),
(42, 'Maher Hamam', 'maherhamam22@gmail.com', '$2y$10$8QrWyQtBhC7r23o5DvlesOL80Q49Tasn9cbXmyzO7dI3RTx5UMRcm', '2025-05-14 21:34:48', NULL, NULL, NULL, '2025-05-15 12:56:12'),
(43, 'Abo Oamr', 'aboomar277@gmail.com', '$2y$10$qBS31jJqO89amgtD.T3wuur6uYHCXbwsY7X2FPSWMHNKagDuUrwWa', '2025-05-14 22:26:02', NULL, NULL, NULL, '2025-05-15 12:56:12'),
(44, 'Abo Oamr', 'aboomar77@gmail.com', '$2y$10$tWPKeG1jRWNuSDG9Fr3NV.9AU4oak3z1efMYHAVb2pp4xBTtzDebm', '2025-05-14 22:27:35', NULL, NULL, NULL, '2025-05-15 12:56:12'),
(45, 'Kareem Assad', 'Kareem74@gmail.com', '$2y$10$Q82fMGwBpe3p5iIrz/idru2BNUtiBuVkuRGtphifM8w8f75/pXnoa', '2025-05-14 22:30:25', NULL, NULL, NULL, '2025-05-15 12:56:12'),
(46, 'Ahmed Essam', 'essam22@gmail.com', '$2y$10$HBXU54P1fSv1pTaFz2Ru1.jCtVWnKjyMrfOYOv3sFPT.BPj5/4NPq', '2025-05-14 22:52:47', NULL, NULL, NULL, '2025-05-15 12:56:12'),
(47, 'Maher Essam', 'maher22@gmail.com', '$2y$10$CnaTCC1G8XL3zh7tAShHkOmcm3TCKePqNYATe4AxuEWNYZLgww7JC', '2025-05-15 10:49:27', NULL, NULL, NULL, '2025-05-15 12:56:12'),
(48, 'Doaa Ahmed', 'Doaa22@gmail.com', '$2y$10$KFZpVjAov3.WfBgKAT7QuO4m6cKFRL7cGiUif4cvpgdgIGnOb8Tyq', '2025-05-15 12:27:50', NULL, NULL, NULL, '2025-05-15 12:56:12'),
(49, 'ahmedmedo123', 'a32617415@gmail.com', '', '2025-05-15 13:03:27', NULL, NULL, '106962122222594068793', '2025-05-15 13:03:27'),
(50, 'Sara Samir', 'sara44@gmail.com', '$2y$10$8S52SMJ.sy4GoDZdKv2lVe2IwCc3QZgjpfaBY18ggJeRkbgpuECeK', '2025-05-15 13:33:51', NULL, NULL, NULL, '2025-05-15 13:33:51'),
(51, 'ahlawy omar', 'omarahlawy408@gmail.com', '', '2025-05-15 13:42:06', NULL, NULL, '115786561926361542516', '2025-05-15 13:42:06'),
(52, 'designgraphic', 'designgraphicuuee129@gmail.com', '', '2025-05-15 14:16:35', NULL, NULL, '109919089877903552640', '2025-05-15 14:16:35'),
(53, 'noha ali', 'noha22@gmail.com', '$2y$10$ciHzkTo7xL4PDOJJOAUCTuWM0jMjnrIluKftEEfTY4ykRTVfxpO.G', '2025-05-17 13:15:04', NULL, NULL, NULL, '2025-05-17 13:15:04'),
(54, 'Ibrahim ali', 'Ibrahim22@gmail.com', '$2y$10$z8KBJpXf7uJrbwHDvKGa1u166VfahhNAn61IdQqebNYQd4kXbQIMu', '2025-05-18 20:38:41', NULL, NULL, NULL, '2025-05-18 20:38:41'),
(55, 'Omar Elgmmal', 'omarelgmmal23@gmail.com', '$2y$10$VwYKpIN/N7mnSAdbagJe4eT8nU.BhUlvQ4hycmdkEDER.s.c005YG', '2025-05-18 22:58:30', NULL, NULL, NULL, '2025-05-18 22:59:29');

--
-- Indexes for dumped tables
--

--
-- Indexes for table `activities`
--
ALTER TABLE `activities`
  ADD PRIMARY KEY (`ActivityID`),
  ADD UNIQUE KEY `ActivityName` (`ActivityName`);

--
-- Indexes for table `cities`
--
ALTER TABLE `cities`
  ADD PRIMARY KEY (`CityId`) USING BTREE;

--
-- Indexes for table `feedback`
--
ALTER TABLE `feedback`
  ADD PRIMARY KEY (`id`),
  ADD KEY `place_id` (`place_id`),
  ADD KEY `user_id` (`user_id`);

--
-- Indexes for table `places`
--
ALTER TABLE `places`
  ADD PRIMARY KEY (`PlaceID`),
  ADD KEY `CityID` (`CityID`),
  ADD KEY `ActivityID` (`ActivityID`);

--
-- Indexes for table `users`
--
ALTER TABLE `users`
  ADD PRIMARY KEY (`id`),
  ADD UNIQUE KEY `email` (`email`),
  ADD UNIQUE KEY `google_id` (`google_id`);

--
-- AUTO_INCREMENT for dumped tables
--

--
-- AUTO_INCREMENT for table `activities`
--
ALTER TABLE `activities`
  MODIFY `ActivityID` int(11) NOT NULL AUTO_INCREMENT, AUTO_INCREMENT=5;

--
-- AUTO_INCREMENT for table `cities`
--
ALTER TABLE `cities`
  MODIFY `CityId` int(11) NOT NULL AUTO_INCREMENT, AUTO_INCREMENT=6;

--
-- AUTO_INCREMENT for table `feedback`
--
ALTER TABLE `feedback`
  MODIFY `id` int(11) NOT NULL AUTO_INCREMENT, AUTO_INCREMENT=90;

--
-- AUTO_INCREMENT for table `places`
--
ALTER TABLE `places`
  MODIFY `PlaceID` int(11) NOT NULL AUTO_INCREMENT, AUTO_INCREMENT=177;

--
-- AUTO_INCREMENT for table `users`
--
ALTER TABLE `users`
  MODIFY `id` int(11) NOT NULL AUTO_INCREMENT, AUTO_INCREMENT=56;

--
-- Constraints for dumped tables
--

--
-- Constraints for table `feedback`
--
ALTER TABLE `feedback`
  ADD CONSTRAINT `feedback_ibfk_1` FOREIGN KEY (`place_id`) REFERENCES `places` (`PlaceID`),
  ADD CONSTRAINT `feedback_ibfk_2` FOREIGN KEY (`user_id`) REFERENCES `users` (`id`);

--
-- Constraints for table `places`
--
ALTER TABLE `places`
  ADD CONSTRAINT `places_ibfk_1` FOREIGN KEY (`CityID`) REFERENCES `cities` (`CityId`) ON DELETE CASCADE ON UPDATE CASCADE,
  ADD CONSTRAINT `places_ibfk_2` FOREIGN KEY (`ActivityID`) REFERENCES `activities` (`ActivityID`) ON DELETE CASCADE ON UPDATE CASCADE;
COMMIT;

/*!40101 SET CHARACTER_SET_CLIENT=@OLD_CHARACTER_SET_CLIENT */;
/*!40101 SET CHARACTER_SET_RESULTS=@OLD_CHARACTER_SET_RESULTS */;
/*!40101 SET COLLATION_CONNECTION=@OLD_COLLATION_CONNECTION */;
